lexicon,label
半悬挂舵,施工
倒角圆弧半径,属性
舵板厚度,属性
船体结构钢,施工
黑色金属材料,施工
一般强度船体结构钢,施工
高强度船体结构钢,施工
船体结构钢韧性等级,属性
球扁钢,施工
型钢,施工
L型钢,施工
焊接错链钢,施工
耐压壳体钢板,施工
耐海水结构钢,施工
耐海水不锈钢,施工
耐海洋大气结构钢,施工
铁素体低温钢,施工
低磁钢,施工
向钢,施工
复合钢,施工
船体结构用铸钢,施工
船体结构用锻钢,施工
船舶机械用锻钢,施工
船舶机械用铸钢,施工
船舶轴系用钢,施工
铸造错链钢,施工
有色金属材料,施工
定义或说明,施工
船用铝合金,施工
变形铝合金,施工
铸造铝合金,施工
铝镁合金,施工
铝锌镁合金,施工
铝镁硅合金,施工
超低温用铝合金,施工
铝合金整体挤压壁板,施工
船用铜合金,施工
变形铜合金,施工
铸造铜合金,施工
蛭旋桨用铸造铜合金,施工
高阻尼铜合金,施工
船用钦合金,施工
牺牲阳极材料,施工
辅助阳极材料,施工
焊接材料,施工
船用焊条,施工
低氢焊条,施工
超低氢焊条,施工
高效焊条,施工
铁粉焊条,施工
重力焊条,施工
深熔焊条,施工
立向下焊条,施工
船用焊丝,施工
埋弧焊丝,施工
气体保护焊丝,施工
药芯焊丝,施工
铜合金焊丝,施工
铝合金焊丝,施工
船用焊剂,施工
保护气体,施工
涂料,施工
船舶涂料,施工
船底涂料,施工
船底防锈涂料,施工
船底防污涂料,施工
木船防污涂料,施工
自抛光防污涂料,施工
水线涂料,施工
船壳涂料,施工
枪杆涂料,施工
错链涂料,施工
甲板涂料,施工
防滑甲板涂料,施工
饮水舱涂料,施工
机舱涂料,施工
油舱涂料,施工
阳极屏蔽层涂料,施工
声纳导流罩涂料,施工
水下施工涂料,施工
防火涂料,施工
厚膜涂料,施工
车间底漆,施工
磷化底漆,施工
富锌底漆,施工
带锈底漆,施工
其它非金属材料,施工
玻璃纤维增强塑料,施工
碳纤维增强塑料,施工
芳纶纤维增强塑料,施工
混杂纤维增强塑料,施工
泡沫塑料,施工
围裙材料,施工
固体浮力材料,施工
微波吸收材料,施工
非金属阻力材料,施工
水声反声材料,施工
水声吸声材料,施工
水声透声材料,施工
水下胶粘剂,施工
密封材料,施工
铁梨木,施工
酚醛桦木层压板,施工
单层底船,建筑
双层底船,建筑
舭肘板,施工
遮蔽板,施工
活动铺板,施工
舭部污水沟,施工
沥青化合物,施工
双层底柜,施工
货舱口,进程
内底板,施工
木铺板,施工
双层底柜顶板,施工
轴隧顶板,施工
沥青溶液,施工
甲板敷料,施工
船用隔热材料,施工
船用胶合板,施工
不燃材料,施工
船用防火板材,施工
材料性能,属性
金属材料性能,属性
抗拉强度,属性
断面收缩率,属性
断后伸长率,属性
冲击吸收功,属性
冲击韧度,属性
脆性断裂,属性
延性断裂,属性
低温脆性,属性
断口形貌转变温度,属性
无塑性转变温度,属性
塑性断裂转变温度,属性
弹性断裂转变温度,属性
止裂温度,属性
层状撕裂,属性
纤维断面率,属性
应变时效,属性
焊接性,属性
涂层间附着力,属性
耐阴极剥离性,属性
渗毒率,属性
临界渗毒率,属性
耐盐水性,属性
防污性,属性
耐盐雾性,属性
耐海水性,属性
耐干湿交替性,属性
老化,属性
吸水性,属性
湿态强度,属性
层间剪切强度,属性
层间拉伸强度,属性
层间韧性,属性
待久强度极限,属性
耐燃性,属性
吸湿率,属性
憎水性,属性
持久强度极限,属性
非金属阻尼材料,施工
酚醒桲木层压板,施工
焊接描链钢,施工
抗裂性,属性
螺旋桨用铸造铜合金,施工
铀链涂料,施工
碳当量,属性
槐杆涂料,施工
锚泊设备,施工
锚头,施工
锚卸扣,施工
锚爪折角,进程
锚爪袭角,进程
抓重比,属性
锚啮入性,属性
锚抓力,属性
锚索,施工
锚缆,施工
锚链,施工
链径,施工
链节,施工
锚链等级,属性
锚端链节,施工
味端链节,施工
脱钩链节,施工
末端卸扣,施工
转环卸扣,施工
掣链器,施工
攀锚器,施工
掣链钩,施工
锚链简,施工
锚链管,施工
吊锚杆,施工
吊锚索具,施工
导链滚轮,施工
锚浮标,施工
系泊设备,施工
带缆桩,施工
带缆羊角,施工
导缆器,施工
导缆钳,施工
导向滚轮,施工
滚柱导缆器,施工
滚轮导缆器,施工
导缆孔,施工
巴拿马运河导缆孔,施工
圣劳伦斯航道导缆器,施工
掣索器,施工
缆索卷车,施工
缆索盘,施工
缆索,施工
系缆索,施工
拖缆,施工
浮筒卸扣,施工
船,建筑
船舶,建筑
轮,建筑
艇,建筑
筏,建筑
军船,建筑
军用船,建筑
民船,建筑
民用船,建筑
商船,建筑
运输船,建筑
工程船,建筑
工作船,建筑
海洋调查船,建筑
海洋开发船,建筑
渔业船,建筑
农用船,建筑
海船,建筑
海洋船,建筑
极区船,建筑
极地船,建筑
远洋船,建筑
沿海船,建筑
江海直达船,建筑
海峡船,建筑
海峡渡船,建筑
内河船,建筑
排水型船,建筑
浮型船,建筑
排水量船,建筑
半潜船,建筑
全潜船,建筑
潜水船,建筑
滑行艇,建筑
地效应船,建筑
地效翼船,建筑
飞翼船,建筑
气垫船,建筑
翱翔艇,建筑
腾空船,建筑
水翼艇,建筑
机动船,建筑
自航船,建筑
轮船,建筑
非机动船,建筑
非自航船,建筑
无动力船,建筑
核动力船,建筑
原子能船,建筑
内燃机船,建筑
柴油机船,建筑
汽轮机船,建筑
燃气轮机船,建筑
电力推进船,建筑
帆船,建筑
风帆船,建筑
机帆船,建筑
螺旋桨船,建筑
平旋推进器船,建筑
直翼推进器船,建筑
喷水推进船,建筑
喷水艇,建筑
喷气推进船,建筑
平甲板船,建筑
全通甲板船,建筑
长艏楼船,建筑
长艉楼船,建筑
中机型船,建筑
艉机型船,建筑
单体船,建筑
双体船,建筑
多体船,建筑
小水线面船,建筑
艏升高甲板船,建筑
升高艏甲板船,建筑
艉升高甲板船,建筑
升高艉甲板船,建筑
单甲板船,建筑
双甲板船,建筑
多甲板船,建筑
单壳体船,建筑
双壳体船,建筑
平底船,建筑
钢质船,建筑
木质船,建筑
轻合金船,建筑
玻璃钢船,建筑
玻璃钢艇,建筑
小艇,建筑
赛艇,建筑
运动艇,建筑
游艇,建筑
舢板,施工
趸船,建筑
浮箱,施工
船级,属性
船级社,进程
国际船级社协会,进程
入级,进程
入级检验,进程
入级符号,进程
入级标志,进程
船舶入级和建造规范,成果
入级证书,进程
国际海事组织,进程
国际船舶载重线公约,成果
国际海上人命安全公约,成果
国际海上避碰规则,成果
国际船舶吨位丈量公约,成果
国际防止船舶造成污染公约,成果
国际集装箱安全公约,成果
国际散装运输危险化学品船舶构造与设备规则,成果
国际散装运输液化气体船舶构造与设备规则,成果
苏伊士运河航行规则,成果
巴拿马运河航行规则,成果
圣劳伦斯航道共同规则,成果
五大湖航行规则,成果
船旗国,进程
船籍港,进程
法定检验,进程
国际船舶载重线证书,成果
客船安全证书,成果
货船构造安全证书,成果
货船设备安全证书,成果
货船无线电安全证书,成果
国际船舶保安证书,成果
货船安全证书,成果
免除证书,成果
国际吨位证书,成果
国际防止油污证书,成果
国际防止散装运输有毒液体物质污染证书,成果
国际防止生活污水污染证书,成果
国际散装运输液化气体适装证书,成果
国际散装运输危险化学品适装证书,成果
船舶国籍证书,成果
苏伊士运河专用吨位证书,成果
巴拿马运河吨位证书,成果
圣劳伦斯航道证书,成果
岸线,进程
放样设施,施工
涂装设施,施工
起重设施,施工
活络胎架,施工
沙坑,施工
船台,施工
倾斜船台,施工
水平船台,施工
半坞式船台,施工
露天船台,施工
室内船台,施工
船台小车,施工
自动船台小车,施工
电缆车,施工
拉桩,施工
连续式拉桩,施工
船台中心线板,施工
墩木,施工
龙骨增,施工
龙骨墩,施工
边墩,施工
般墩,施工
井字墩,施工
砂箱墩,施工
活络钢墩,施工
下水墩,施工
木樱,施工
铁樱,施工
船台坡度,属性
滑道,施工
纵向滑道,施工
横向滑道,施工
钢珠滑道,施工
舭墩,施工
木楔,施工
铁楔,施工
牵引式滑道,施工
油脂滑道,施工
直线滑道,施工
折线滑道,施工
弧形滑道,施工
两支点滑道,施工
船排滑道,施工
斜船架滑道,施工
横向梳式滑道,施工
横向高低轨滑道,施工
横向高低腿滑道,施工
下水翻转滑道,施工
滑道摇架,施工
滑道转盘,施工
下水车,施工
斜船架,施工
随船架,施工
船排,施工
下水油版,施工
下水油脂,施工
滑板,施工
下水横梁,施工
下水横粱,施工
下水支架,施工
蜡支架,施工
艏支架,施工
舰支架,施工
艉支架,施工
滑道坡度,属性
滑道间距,属性
滑道间距增量,属性
滑道末端水深,属性
滑道末端凹口,进程
平均线负荷,进程
过渡段,进程
横移区,空间
横移坑,施工
横移车,施工
止滑器,施工
保险撑,施工
下水制动装置,施工
升船机,施工
浮力升船机,施工
船用气囊,施工
船坞,施工
注水式船坞,施工
串联式船坞,施工
运河式船坞,施工
坞首,施工
坞口,进程
引船驳岸,施工
坞壁,施工
坞壁作业车,施工
坞底,施工
坞室,施工
坞坎,施工
门墩,施工
门槽,施工
坞门,施工
浮箱式坞门,施工
横拉式坞门,施工
横拉式坞,施工
人字式坞,施工
人字式坞门,施工
卧倒式坞门,施工
插板式坞门,施工
插板式坞,施工
叠梁式坞门,施工
推进式坞门,施工
单门式坞门,施工
修理,进程
修理门槽,施工
门坑,施工
门库,施工
廊道,施工
坞墩,施工
船坞引船车,施工
船坞水泵站,施工
进坞重量,属性
搁墩负荷,进程
浮船坞,施工
整体式浮船坞,施工
泵舱,空间
浮箱式浮船坞,施工
三段式浮船坞,施工
分体式浮船坞,施工
修船浮筒,施工
坞墙,施工
坞墙顶甲板,施工
安全甲板,施工
抬船甲板,施工
浮体,施工
浮船坞飞桥,施工
浮船坞总长,属性
浮体长,属性
坞体型宽,属性
坞内净宽,属性
浮船坞举力,属性
空坞吃水,属性
工作吃水,属性
最大沉深吃水,属性
空坞排水量,属性
浮船坞配载,属性
浮船坞挠度,属性
适坞性,属性
系坞墩,施工
沉坞坑,施工
浮船坞支墩,施工
浮船坞试验压,进程
浮船坞试验,进程
码头,施工
安装码头,施工
航装码头,施工
舾装码头,施工
试车码头,施工
靠船墩,施工
系船桩,施工
风暴缆桩,施工
登船梯,施工
船月,施工
叠粱式坞门,施工
井宇墩,施工
连续武拄棱,施工
疏浚,进程
疏浚点,进程
挖泥船,建筑
疏浚用船,建筑
疏浚船队,进程
疏浚设备,施工
疏浚工具,施工
吸管桥架,施工
链斗桥架,施工
吊架,施工
卸泥装置,施工
定位桩装置,施工
波浪补偿器,施工
自航挖泥船,建筑
非自航挖泥船,建筑
有限推进挖泥船,建筑
多用途挖泥船,建筑
组合式挖泥船,建筑
定位与移位设备,施工
挖槽,进程
挖泥机具,施工
真空释放阀,施工
装舱,进程
卸泥,进程
卸舱,进程
泥阱,施工
除气装置,施工
高压冲水泵,施工
高压冲水管,施工
吸扬挖泥船,建筑
喷射泵挖泥船,建筑
气力提升挖泥船,建筑
链斗挖泥船,建筑
正铲挖泥船,建筑
反铲挖泥船,建筑
抓斗挖泥船,建筑
拉铲挖泥船,建筑
绞吸挖泥船,建筑
带泥舱挖泥船,建筑
碎石船,建筑
落锤式碎石船,建筑
动力锤式碎石船,建筑
钻孔船,建筑
喷水挖泥船,建筑
河床平整器,建筑
冲吸挖泥船,建筑
耙吸挖泥船,建筑
对开耙吸挖泥船,建筑
边抛耙吸挖泥船,建筑
吸盘挖泥船,建筑
斗轮挖泥船,建筑
吹泥船,建筑
吸泥船,建筑
链斗自扬挖泥船,建筑
排泥管路,施工
排泥浮管,施工
浮筒,施工
水下管路,施工
扩散口,进程
排出喷口,进程
泥驳,进程
驳运泥土,进程
溜泥槽,进程
溜槽输泥,进程
泥井,施工
转向副翼,施工
输送带,施工
输送带输泥,进程
泥舱,空间
溢流装置,施工
底排口,进程
泥门启闭装置,施工
对开船体,空间
石块收集器,施工
分离筛,施工
泥舱溜泥槽,施工
水分离器,施工
开底泥驳,施工
对开泥驳,施工
抛石驳,施工
泥门,施工
洒水管道,施工
十字环支架,施工
环形接头,施工
伸缩接头,施工
填料函,施工
泥舱稀释装置,施工
排泥管接岸装置,施工
自浮泥管,施工
转动弯管,施工
边抛装置,施工
抽舱排泥装置,施工
自动排稀泥装置,施工
消能箱,施工
液压升降溢流筒,施工
浮动接力泵站,施工
排泥管特性曲线,进程
沉石箱,施工
作业运动,进程
工作锚,施工
抛错艇,建筑
抛描杆,施工
定位桩,施工
抛描桩,施工
导缆桩,施工
移动桩,施工
提升桩,施工
定位桩台车,施工
纵移式作业,进程
横移式作业,进程
边错绞车,施工
末端浮筒绞车,施工
雒错绞车,施工
婉错绞车,施工
起吊绞车,施工
移驳绞车,施工
耙头绞车,施工
耙中绞车,施工
弯管绞车,施工
三缆定位系统,施工
定位桩架,施工
水下导缆桩沺,施工
泥浆,施工
泥浆泵,施工
潜水泥泵,施工
泥浆浓度,属性
吸入管路,施工
吸泥管,施工
耙臂,施工
喷射泵助吸器,施工
输泥管路,施工
船内输泥管,施工
转动管接头,施工
搅松器,施工
水力搅松器,施工
机械搅松器,施工
转动搅松器,施工
斗轮,施工
刀轮,施工
绞刀,施工
泥浆泵效率,属性
泥浆泵的有效功率,属性
泥浆泵总扬程,属性
泥浆泵特性曲线,进程
胶衬泥浆泵,施工
双壳泥浆泵,施工
水封泵,施工
喷射泵,施工
喷射泵水泵,施工
气力提升泵,施工
高压水喷嘴,施工
喷水装置,施工
绞刀架,施工
吸头,施工
耙头,施工
吸盘,施工
自动调节型耙头,施工
喷水耙头,施工
耙吸装置,施工
泥斗组件,施工
斗塔,施工
泥斗,施工
斗容,施工
斗链,施工
斗链节距,属性
上导轮,施工
下导轮,施工
副链斗桥架,施工
斗链张紧装置,施工
斗链下部弧线,进程
斗链悬链线,进程
导链滚子,施工
斗链原动机,施工
斗链传动装置,施工
连续斗链,施工
间隔斗链,施工
桥档护木,施工
泥斗斗销,施工
碎泥刀,施工
抓斗机,施工
抓斗,施工
双顿抓斗,施工
多顿抓斗,施工
全齿抓斗,施工
带齿抓斗,施工
单索抓斗,施工
双索抓斗,施工
液压抓斗,施工
抓斗稳索,施工
铲扬机,施工
铲斗,施工
反铲铲斗,施工
抓斗机尾半径,属性
抓斗升程,属性
抓斗舷外跨距,属性
抓斗最大吊高,属性
倒斗频率,属性
推压机构,施工
原动机,施工
柴油机挖泥船,建筑
柴电驱动挖泥船,建筑
柴液驱动挖泥船,建筑
蒸汽机挖泥船,建筑
燃气轮机挖泥船,建筑
电动挖泥船,建筑
电液驱动挖泥船,建筑
挖泥船控制系统,施工
挖泥船定位系统,施工
挖泥船自动控制系统,施工
流量计,施工
浓度计,施工
流速计,施工
挖深指示器,施工
绳长计,施工
倒斗计数器,施工
产量仪,施工
装载吃水仪,施工
装载仪,施工
基槽断面显示仪,施工
疏浚作业监视仪,施工
耙吸管位置监视仪,施工
水声土层地貌仪,施工
产量,属性
挖深,属性
最大挖深,属性
最小挖深,属性
排距,属性
铲斗挖泥船臂距,属性
抓斗跨距,属性
最大排高,属性
泥舱容积,属性
泥舱有效容积,属性
设计挖深,属性
经济挖深,属性
最大挖宽,属性
最小挖宽,属性
最大排距,属性
舱面属具,施工
风雨密性,属性
通孔尺寸,属性
透光尺寸,属性
左开式,施工
右开式,施工
非水密门,施工
风雨密门,施工
防火门,施工
水密门,施工
滑移式水密门,施工
舷墙门,施工
舷门,施工
气密门,施工
脱险口,进程
舷窗,施工
矩形窗,施工
窗,施工
天窗,施工
铸梯,施工
软梯,施工
绳梯,施工
吃水梯,施工
索具,施工
螺旋扣,施工
系索羊角,施工
眼板,施工
眼环,施工
天幕,施工
夭幕,施工
天幕帘,施工
围帘,施工
天幕索,施工
栏杆,施工
风暴扶手,施工
安全索,施工
货舱盆,施工
货舱盖,施工
拼装舱盖,施工
机械舱盖,施工
舱盖,施工
折盈式舱盖,施工
滚动式舱盖,施工
滚翻式舱盖,施工
舱口活动梁,施工
封舱装置,施工
防水盖布,施工
舱口压条,施工
封舱锁条,施工
封舱楔,施工
封舱楔耳,施工
舱盖压紧装置,施工
挠性密封装置,施工
气胀密封垫,施工
舱盖启闭装置,施工
舱盖起升器,施工
舱盖曳行装置,施工
出入舱口盖,施工
逃生口盖,施工
油舱盖,施工
煤舱盖,施工
平衡舱盖,施工
速闭舱盖,施工
人孔盖,施工
舱面用具,施工
帆缆用具,施工
吊板,施工
碰垫,施工
防鼠板,施工
撤缆绳,施工
撇缆枪,施工
帆布通风筒,施工
堵漏用具,施工
杂物吊杆,施工
测深台,施工
测深锤,施工
承接,进程
勘验校对工程,进程
船舶修理合同,进程
原始修理工程单,进程
施工修理工程单,进程
预算,进程
框价,进程
预留成本,进程
适修状态,进程
开工,进程
进出坞,进程
住坞,进程
坞期,进程
包坞,进程
并坞,进程
扫尾工程,进程
修理完工,进程
违约金,进程
计划工时,进程
定额工时,进程
估价工时,进程
实动工时,进程
船舶修理修正补充合同,进程
机务代表,进程
保修,进程
工程总验收单,进程
招标,进程
投标,进程
航修,进程
坞修,进程
排修,进程
小修,进程
岁修,进程
检修,进程
抢修,进程
改装工程,进程
签订合同,进程
工程范围,进程
加账工程,进程
减账工程,进程
追加工程,进程
附加工程,进程
隐蔽工程,进程
缓装工程,进程
保修期,进程
坞修期,进程
工程总价,进程
定价,进程
计划价格,进程
进度款,进程
预估修费,进程
暂定价,进程
保险金,进程
延期付款,进程
可调蝠距螺旋桨,施工
双向可调螺距螺旋桨,施工
桨叶轴承,施工
桨軗,施工
桨軗连接件,施工
法兰防护,施工
中间轴,施工
伺服传动装置,施工
中间连接轴,施工
液压装置,施工
控制,进程
螺距调节,进程
遥控系统,施工
手控系统,施工
环形力轴承,施工
耳轴承,施工
环形耳轴承,施工
滑块机构,施工
连接机构,施工
安全极限保护,进程
船用锅炉,空间
单烟道锅炉,空间
额定参数,属性
放气阀,施工
废气旁通调节阀,施工
辅锅炉,空间
分联箱锅炉,空间
辅锅炉吹灰装置,施工
辅锅炉自动燃烧装置,施工
辅蒸汽阀,施工
给水阀,施工
给水自动调节装置,施工
锅壳式锅炉,空间
锅炉半自动控制,进程
锅炉程度控制,进程
锅炉机动性试验,进程
锅炉全自动控制,进程
锅炉支座,施工
锅炉自动控制装置,施工
锅水取样阀,施工
回油式油雾化器,施工
滑参数,属性
机械压力油雾化器,施工
空气雾化,进程
空气油雾化器,施工
肋片锅炉,空间
立式长直水管锅炉,空间
立式短直水管锅炉,空间
立式横水管锅炉,空间
立式烟管锅炉,空间
立式直水管锅炉,空间
流化床废气锅炉,空间
流化床锅炉,空间
排污阀,施工
平流式调风器,施工
燃烧器性能试验,进程
燃烧调整试验,进程
燃烧自动调节装置,施工
燃油废气交替式锅炉,空间
燃油废气组合式锅炉,空间
热油炉,空间
三锅筒锅炉,空间
上排污阀,施工
上升管,施工
双锅筒锅炉,空间
双路循环锅炉,空间
双压锅炉,空间
双烟道锅炉,空间
双色水位表,进程
水位调节,进程
卧式热水锅炉,空间
卧式烟管锅炉,空间
熄火保护,进程
下降管,施工
下排污阀,施工
旋流式调风器,施工
烟管锅炉,空间
烟水管锅炉,空间
验水阀,施工
针形管锅炉,空间
蒸汽密封性试验,进程
蒸汽温度自动调节装置,施工
蒸汽雾化,进程
蒸汽雾化器,施工
主锅炉,空间
主蒸汽阀,施工
转杯式燃烧器,施工
舵,施工
差动舵,施工
詹克舵,施工
流线型舵,施工
悬挂舵,施工
吊舵,施工
悬舵,施工
平衡舵,施工
舵轴舵,施工
流线型平衡舵,施工
反应舵,施工
整流舵,施工
导流罩舵,施工
导流帽舵,施工
襟翼舵,施工
制流板舵,施工
平板舵,施工
舵叶,施工
舵臂,施工
舵杆,施工
主舵杆,施工
舵销,施工
舵轴,施工
舵承,施工
舵杆填料函,施工
舵杆挡圈,施工
舵钮,施工
转柱舵,施工
操舵轮,施工
三脚桅,施工
析架桅,施工
可倒桅,施工
桅柱,施工
顶桅,施工
桅肩,施工
桅横杆,施工
了望台,施工
雷达平台,施工
桅索具,施工
吊杆装置,施工
重型吊杆装置,施工
双杆吊货装置,施工
吊杆,施工
舷外跨距,属性
吊杆仰角,属性
吊杆偏角,属性
悬高杆长比,属性
拖钩,施工
拖曳弓架,施工
主缆,施工
操纵缆,施工
无缆系结装置,施工
舱底水系统,施工
机器处所舱底水,施工
舱底水总管,施工
机器处所应急舱底水吸管,施工
直通舱底泵吸管,施工
舱底水盲断装置,施工
机器处所舱底水油水分离系统,施工
舱底水油水分离器吸入管,施工
舱底水油水分离器排油管,施工
压载水系统,施工
总管式压载水系统,施工
支管式压载水系统,施工
横倾平衡压载水系统,施工
压载水,施工
压载水支管,施工
压载扫舱管,施工
甲板排水系统,施工
甲板排水,施工
甲板排水管,施工
冷库排水口,进程
疏水系统,施工
疏排水舷外排出管关闭装置,施工
空气系统,施工
空气管,施工
空气集合管,施工
测深管,施工
注入管,施工
海水箱蒸汽,施工
海水箱融冰蒸汽管,施工
水舱,空间
水灭火系统,施工
消防水总管,施工
自动喷水灭火系统,施工
自动喷水系统压力柜,施工
二氧化碳灭火系统,施工
卤代烃灭火系统,施工
蒸汽灭火系统,施工
泡沫灭火系统,施工
机器处所的固定低膨胀泡,进程
机器处所的固定高膨胀泡,进程
生活污水系统,施工
生活污水收集系统,施工
生活污水重力式收集系统,施工
生活污水真空式收集系统,施工
生活污水处理系统,施工
船舶制冷系统,施工
压编制冷系统,施工
吸收式制冷系统,施工
冷截系统,施工
船舶空气调节,进程
集中式空气调节,进程
末端再加热式空气调节系统,施工
双风管空气调节系统,施工
高速诱导式空气调节,进程
船铂通风系统,施工
船舶机械式通风系统,施工
高速诱导式通风系统,施工
货油装卸系统,施工
货油装卸总管,施工
货油装卸支管,施工
甲板,施工
直接装,施工
货油舱透气系统,施工
总管式透气,进程
独立式透气,进程
驱气系统,施工
货油舱扫舱系统,施工
扫舱,空间
小直径排岸管,施工
货油舱蒸汽加热系统,施工
货油舱热油加热系统,施工
甲板洒水系统,施工
货油舱洗舱系数,属性
货油舱水洗舱,空间
原油洗舱系统,施工
专用压载水系统,施工
惰性气体系统,施工
甲板泡,进程
货油软管,施工
舱底水油水分离器排出管,施工
舱底水支管,施工
测深系统,施工
船加机械式通风系统,施工
船舶空气调节系统,施工
船舶通风系统,施工
船舶系统,施工
集中式空气调节系统,施工
甲板货油总管,施工
独立式透气系统,施工
甲板泡沫灭火系统,施工
甲板排水口,进程
高速诱导式空气调节系统,施工
冷藏系统,施工
海水箱蒸汽吹洗管,施工
货油舱加热系统,施工
货油舱水洗舱系统,施工
排油监控系统,施工
驱戈系统,施工
消防系统,施工
区域再加热式空气调节系统,施工
全铅供暖系统,施工
全船供水系统,施工
压缩制冷系统,施工
热水供暖系统,施工
日用淡水系统,施工
日用热水系统,施工
压载水总管,施工
日用卫生水系统,施工
溢流管,施工
饮用水系统,施工
扫舱支管,施工
扫舱总管,施工
蒸汽供暖系统,施工
直接装注油管,施工
风管空气调节系统,施工
水舱防冻蒸汽管,施工
注入系统,施工
注入总管,施工
范排水舷外排出管关闭装置,施工
流长系统,施工
总管式透气系统,施工
船舶环境,状态
诱发环境,状态
船舶环境因橐,状态
船舶环境条件,状态
船舶气候环境,状态
船舶生输环境,状态
船舶化学活性物质环境,状态
船舶机械环境,状态
船舶机械作用的物质环境,状态
船舶环境参数,状态
船舶环境参数严酷等级,状态
海洋水文要素,状态
海况,状态
海洋环境,状态
海洋磁场,状态
漳洋嗓胄场,状态
淘洋压力场,状态
船舶物理场,状态
船舶电磁环境,状态
船舶电磁干扰,状态
船舶电磁兼窖,状态
船舶露天温度,属性
自由空气条件,状态
船舶舱室温度,属性
船舶高温环境,状态
船舶低温环境,状态
船舶湿热环境,状态
船舶凝露环境,状态
船舶吸附环境,状态
船舶吸收环境,状态
船舶扩散环境,状态
船舶呼吸环境,状态
诱发温度环境,状态
温度骤变,进程
气候应力,进程
灌沙,进程
海流,进程
海冰,进程
浮冰群,进程
海雾,进程
油雾,进程
油雾含量,属性
盐雾,进程
盐雾含量,属性
盐雾沉降率,属性
船舶冲击,进程
船舶冲击运动,进程
船舶冲击破坏,进程
速度冲击,进程
船舶撮动,进程
船舶颠震,进程
船舶倾斜,进程
船舶擂攫,进程
机械应力,进程
螺麓桨嗓声,进程
船舶主辅机噪声,进程
船体结构噪寅,进程
流体动力噪声,进程
淹冰,进程
淹况,进程
潮沙,进程
船舶舱宣温度,属性
船舶冲击碰坏,进程
船舶电滋干扰,进程
船舶电磁兼容,进程
船舶环境因壹,进程
海洋磕场,状态
海洋水文要橐,状态
海洋压力场,状态
海洋嗓声场,状态
螺旋桨噪声,进程
温度骠变,进程
盐雾沉降辜,进程
船舶摇摆,进程
船体结构噪声,进程
船舶静力性能,属性
浮性,属性
浮态,属性
横倾,状态
横倾角,属性
纵倾,状态
纵倾角,属性
正浮,状态
船倾,状态
舰倾,状态
浮力,进程
损失浮力,进程
储备浮力,进程
浮心,进程
浮心纵向坐标,进程
浮心横向坐标,进程
浮心垂向坐标,进程
浮心曲线,进程
漂心,进程
漂心纵向坐标,进程
漂心横向坐标,进程
重心,进程
重心纵向坐标,进程
重心横向坐标,进程
重心垂向坐标,进程
静水力曲线,进程
邦戎曲线,进程
横剖面面积曲线,进程
费尔索夫图谱,进程
水线面面积曲线,进程
每厘米吃水吨数曲线,进程
每厘米纵倾力矩曲线,进程
型排水体积曲线,进程
总排水量曲线,进程
稳性,属性
横稳性,属性
纵稳性,属性
初稳性,属性
静稳性,属性
动稳性,属性
破舱稳性,属性
复原力矩,属性
复原力臂,属性
大倾角稳性,属性
稳性衡准数,属性
横倾力矩,属性
纵倾力矩,属性
最小倾复力矩,属性
风压倾斜力矩,属性
计算风力作用力臂,属性
稳心,进程
横稳心,进程
横稳心垂向坐标,进程
纵稳心,进程
纵稳心垂向坐标,进程
稳心半径,属性
稳心曲线,进程
重稳距,属性
横重稳距,属性
纵重稳距,属性
初重稳距,属性
修正后初重稳距,属性
静稳性曲线,进程
稳性消失角,属性
最大复原力臂角,属性
动稳性曲线,进程
动横倾角,属性
动倾复角,属性
形状稳性力臂曲线,进程
自由液面,进程
自由液面修正,进程
进水角,属性
极限重心垂向坐标曲线,进程
不沉性,属性
水密分舱,空间
渗透率,属性
面积渗透率,属性
业务衡准数,属性
分舱因数,属性
可浸长度,属性
许可舱长,属性
破舱水线,进程
损失水线面面积,属性
分舱吃水,进程
分舱载重线,进程
最深分舱载重线,进程
限界线,进程
对称浸水,进程
不对称浸水,进程
灌注扶正,进程
下水,进程
舰浮,状态
舰落,状态
船落,状态
船落高度,属性
船沉,状态
舫沉深度,属性
下水重量,属性
下水曲线,进程
船舶快速性,属性
船舶阻力,属性
湿面积,属性
航速,属性
拖曳航速,属性
自由航速,属性
设计航速,属性
服务航速,属性
试航速度,属性
总阻力,属性
摩擦阻力,属性
压阻力,属性
兴波阻力,属性
粘压阻力,属性
粘性阻力,属性
空气阻力,属性
附体阻力,属性
波型阻力,属性
破波阻力,属性
舰流阻力,属性
飞溅阻力,属性
汹涛阻力,属性
浅水阻力,属性
浅水效应,属性
狭航道阻力,属性
狭航道效应,进程
粗糙度阻力,属性
剩余阻力,属性
阻力系数,属性
形状系数,属性
江面坡度阻力,属性
江面坡度推力,属性
粗糙度阻力系数,属性
湿面积系数,属性
船舶性能,属性
续航力,属性
海军系数,属性
有效功率,属性
污底,施工
阻力换算修正值,进程
推力减额,进程
推力减额分数,属性
自航因子,进程
伴流,进程
标称伴流,进程
伴流分数,属性
推力减额因数,进程
泰勒伴流因数,进程
有效推力,属性
推进系数,属性
船后推进器效率,属性
推进效率,属性
船身效率,属性
相对旋转效率,属性
—船后螺旋桨效率,属性
船模试验水池,空间
船模拖曳试验水池,空间
循环水槽,施工
空化水筒,施工
伴流模拟,进程
相当平板,施工
假底,施工
船模,进程
激流装置,施工
尺度效应,进程
阻塞效应,进程
船模阻力试验,进程
船模自航试验,进程
螺旋桨敞水试验,进程
流线试验,进程
午脏,施工
伴流测蜇,施工
舰流测址,施工
船舶推进器,施工
船舶推进,进程
推进器,施工
螺旋桨,施工
右旋,状态
内旋,状态
外旋,状态
螺旋桨直径,属性
螺旋桨盘,施工
盘面积,属性
螺旋桨基准线,进程
螺旋桨中点,进程
螺旋桨平面,进程
毅,施工
敕径,属性
毅径比,属性
毅长,属性
螺旋桨叶,施工
最大叶宽,属性
平均叶宽,属性
平均叶宽比,属性
叶面,进程
母线,进程
叶面参考线,进程
面节线,进程
螺距,属性
面螺距,属性
等螺距,属性
变螺距,属性
螺距比,属性
螺距角,进程
叶根,施工
根厚,属性
轴线上叶厚,属性
叶厚比,属性
叶梢,施工
叶端,施工
梢厚,属性
梢隙,施工
导边,施工
随边,施工
纵斜,状态
纵斜角,属性
侧斜,状态
侧斜角,属性
投影轮廓,进程
展开轮廓,进程
伸张轮廓,进程
叶侧投影,进程
叶侧投影限界,进程
投影面积,属性
展开面积,属性
伸张面积,属性
投影面积比,属性
展开面积比,属性
伸张面积比,属性
叶面比,属性
叶切面,属性
导边半径,属性
进速比,属性
滑脱,状态
推力系数,属性
转矩系数,属性
船舶拖曳力,进程
系桩拉力,进程
螺旋桨敞水效率,属性
螺旋桨特征曲线,进程
适伴流螺旋桨,施工
螺旋桨转速,属性
根涡,施工
梢涡,施工
螺旋桨设计图谱,进程
设计图谱,进程
收到功率系数,属性
推力功率系数,属性
直径系数,属性
K-J设计图谱,进程
C-J设计图谱,进程
功率载荷系数,属性
推力载荷系数,属性
最佳转速,属性
最佳直径,属性
浸深,属性
可调螺距螺旋桨,施工
导管推进器,施工
全向推进器,施工
串列螺旋桨,施工
空化螺旋桨,施工
超空化螺旋桨,施工
重迭螺旋桨,施工
反应推进器,施工
喷射推进器,施工
平旋推进器,施工
空气螺旋桨,施工
明轮,施工
推力器,施工
空化,状态
背空化,状态
空化衡准,进程
空蚀,状态
空化数,进程
临界空化数,进程
空泡,状态
空泡长度,属性
空泡厚度,属性
空泡压力,属性
云状空化,状态
叶面空化,状态
泡沫空化,状态
桨毅空化,状态
片状空化,状态
无空化,状态
不稳定空泡,状态
局部空泡,状态
谐鸣,进程
脉动空泡,状态
叶根空化,状态
定常空泡,状态
超空化,状态
叶梢空化,状态
梢涡空化,状态
尾涡空化,状态
不定常空泡,状态
空化斗,状态
船舶操纵性,属性
操纵性,属性
相对风向,属性
相对风速,属性
潮流,进程
风流,进程
静稳定性,属性
动稳定性,属性
渐近稳定性,属性
水动力分量,进程
水动力导数,进程
孟克力矩,属性
横移,状态
横漂,状态
舱向,属性
航向,属性
指令箱向,属性
实际航向,属性
航迹角,进程
漂角,进程
航迹角图,进程
偏航,状态
螺旋桨转舱效应,进程
开环操纵性,属性
闭环操纵性,属性
直线稳定性,属性
方向稳定性,属性
位置稳定性,属性
航向保持性,属性
转船性,属性
回转性,属性
倒航操纵性,属性
线稳定,状态
位置稳定性示意图,进程
应急操纵性,属性
操纵性衡准,进程
可操纵域,进程
操纵性试验,进程
回转试验,进程
回转迹线,进程
转舵阶段,进程
过渡阶段,进程
稳定回转阶段,进程
入试航速,属性
回转速降,属性
回转横倾角,属性
回转突倾,属性
回转周期,属性
纵距,属性
横距,属性
战术直径,属性
回转中心,进程
枢心,进程
Z形试验,进程
超越角,属性
转船滞后,进程
初转期,进程
螺线试验,进程
操纵特性向线,进程
逆螺线试验,进程
不稳定环,施工
回直试验,进程
低速舵效试验,进程
不稳定环线图,进程
停船试验,进程
停船冲程,属性
停船横偏,状态
紧急停船试验,进程
拘束模试验,进程
旋臂水池,施工
平面运动机构,进程
坐标定位拖车,施工
舵面积,属性
舵面积比,属性
舵展弦比,属性
舵平衡比,属性
舵厚度比,属性
舵角,属性
指令舵角,属性
实效舵角,属性
失举舵角,属性
压舵角,属性
极限舵角,属性
舵法向力,属性
舵压中心,进程
舵杆扭矩,属性
转船力矩,属性
水下侧面积,属性
舵空化,状态
船舶耐波性,属性
耐波性,属性
适航性,属性
耐波性衡准,进程
船舶摇荡,状态
耦合运动,进程
纵摇,状态
横摇,状态
船摇,状态
垂荡,状态
纵荡,状态
横荡,状态
谐摇,状态
调谐因子,进程
横摇阻尼,进程
摩擦阻尼,进程
旋涡阻尼,进程
兴波阻尼,进程
舟比龙骨阻尼,进程
升力阻尼,进程
辐射力,属性
衍射力,属性
附加重蜇,属性
实效重最,属性
惯性半径,属性
横甩,状态
甲板淹湿,状态
淹湿性,属性
飞溅,状态
动水位升高,状态
有效干舷,施工
横摇衰减曲线,进程
消灭曲线,进程
失速,状态
主动减速,进程
飞车,状态
波浪中平均功率增值,属性
波浪中平均阻力增值,属性
波浪中平均转矩增值,属性
波浪中平均推力增值,属性
波浪,进程
耐波性试验水池,空间
风、浪、流试验水池,空间
瞬态波试验,进程
波浪谱,进程
响应谱,进程
浪向,属性
遭遇角,属性
顶浪,进程
随浪,进程
横浪,进程
船斜浪,进程
舰斜浪,进程
长峰波,进程
短蜂波,进程
规则波,进程
不规则波,进程
有效波高,属性
波倾角,属性
有效波倾角,属性
有效波倾系数,属性
瞬态波,进程
史密斯效应,进程
傅汝德－克雷洛夫假定,成果
全垫升气垫船,建筑
侧壁气垫船,建筑
气垫平台,施工
自航式气垫平台,施工
气垫驳,施工
气垫钻井平台,施工
气垫运输平台,施工
气垫,施工
气垫面积,属性
气垫宽度,属性
气垫长度,属性
气垫周长,属性
气垫厚度,属性
气垫长宽比,属性
气垫宽厚比,属性
气垫压陷深度,属性
气垫压心位置,属性
中心的坐标,进程
总长,属性
总宽,属性
总高,属性
船长,属性
船高,属性
浮箱长,属性
浮箱宽,属性
浮箱高,属性
侧壁,施工
侧壁长,属性
侧壁宽,属性
侧壁高,属性
侧壁底升角,属性
垫态吃水,属性
浮态吃水,属性
外吃水,属性
内吃水,属性
侧壁首吃水,属性
侧壁尾吃水,属性
越障高度,属性
最大爬坡坡度,属性
围裙,施工
围裙高度,属性
围裙外接点,进程
围裙内接点,进程
围裙内外接点水平距,属性
围裙内外接点垂直距,属性
囊高,属性
囊宽,属性
囊孔,属性
囊孔面积,属性
围裙手指,属性
指高,属性
指宽,属性
手指倾角,属性
射流围裙,施工
囊指围裙,施工
指形围裙,施工
筒形围裙,施工
囊筒围裙,施工
开囊指围裙,施工
双囊裙,施工
响应围裙,施工
气封装置,施工
首气封,施工
尾气封,施工
润滑尾囊,施工
刚性喷口,进程
喷口宽度,属性
等效喷口宽度,属性
稳定围裙,施工
纵向稳定围裙,施工
横向稳定围裙,施工
支承表面,进程
表面效应,进程
升力增益系数,属性
气室,进程
气幕,进程
气幕冲破现象,进程
周边射流理论,成果
增压室理论,成果
沿壁射流理论,成果
射流全过给状态,状态
气垫逸流面积,属性
气垫逸流速度,属性
逸流系数,属性
飞高,属性
平均飞高,属性
等效飞高,属性
相对飞高,属性
气垫压力,属性
压力数,属性
压长比,属性
囊压,属性
囊压比,属性
垫升,属性
静垫升,属性
垫升特性,进程
垫升特性曲线,进程
垫升航态,属性
半垫升航态,属性
排水航态,属性
蟹行,状态
迫降,状态
埋首,状态
埋首临界速度,属性
埋首边界,进程
围裙缩进,进程
围裙兜水,进程
围裙颤振,状态
手指振动,状态
阻力峰,属性
气垫船总阻力,属性
空气型阻力,属性
空气动量阻力,属性
气垫兴波阻力,属性
围裙浸湿阻力,属性
围裙触地阻力,属性
气封阻力,属性
侧壁阻力,属性
纵倾阻力,属性
坡度阻力,属性
气垫升力,属性
气动升力,属性
动量升力,属性
触地升力,属性
气垫推力,属性
垫态稳性,属性
垫态横稳性,属性
垫态纵稳性,属性
垫态初稳性,属性
垫态大倾角稳性,属性
垫态静稳性,属性
垫态动稳性,属性
气垫压力稳心,属性
压心,进程
压心长,属性
垫态横稳心,进程
垫态纵稳心,进程
垫态初稳心,进程
垫态重稳距,属性
垫态横重稳距,属性
垫态纵重稳距,属性
垫态初重稳距,属性
垫态静稳性曲线,进程
垫态静横倾角,属性
垫态稳性消失角,属性
垫态动稳性曲线,进程
垫态动横倾角,属性
垫态动倾覆角,属性
气垫分隔,进程
气垫升沉刚度,属性
气垫纵摇刚度,属性
船纵倾角,属性
气垫横摇刚度,属性
气垫升沉阻尼,属性
气垫横摇阻尼,属性
波浪泵气效应,进程
气垫船总功率,属性
垫升功率,属性
推进功率,属性
喷气推进,进程
垫升系统,施工
桨扇联动系统,施工
气道,施工
气道甲板,施工
着陆垫,施工
尾翼,施工
垂直尾翼,施工
垂直安定面,进程
空气方向舵,施工
水平尾翼,施工
水平安定面,进程
空气水平舵,施工
喷气舵,施工
可收放水舵,施工
可升降轮舵,施工
侧推喷口,进程
旋转喷管,施工
导管空气螺旋桨,施工
喷气推进器,施工
垫升风扇,施工
气道阀门,施工
风扇扩压导流片,施工
围裙提升装置,施工
流量控制面装置,施工
导向轮,施工
围裙箱,施工
拍打试验,进程
桨塔,施工
理百,施工
射流过给状态,状态
射流厚度,属性
射流平衡状态,状态
射流欠给状态,状态
舱室设备,施工
船用家具,施工
舱室五金,施工
船用厨房和配餐间设备,施工
船用洗农设备,施工
船用洗衣设备,施工
船用卫生设备,施工
船用医疗设备,施工
海图桌,施工
报务桌,施工
柜床,施工
翻床,施工
救生衣柜,施工
旗箱,施工
望远镜箱,施工
钥匙箱,施工
引航员椅,施工
轨道椅,施工
污衣柜,施工
风暴钩,施工
防浪绳,施工
闭门器,施工
防擅门钩,施工
防撞门钩,施工
门碰柱,施工
定门杆,施工
衣帽钩,施工
防滑条,施工
卡片插框,施工
船用炉灶,施工
电灶,施工
滴油灶,施工
汽化油灶,施工
厨房污物粉碎机,施工
深煎锅,施工
厨房多用途机,施工
可倾式电炒锅,施工
可倾式电汤锅,施工
船用电烤箱,施工
船用开水器,施工
船用洗碗机,施工
船用集气罩,施工
厨房不锈钢家具,施工
电热蒸饭箱,施工
蒸汽蒸饭箱,施工
船用冰箱,施工
船用蒸烤箱,施工
船用洗衣机,施工
船用烘干机,施工
船用烫衣机,施工
卫生单元,空间
镜面箱,施工
遮光窗帘,施工
遮阳帘,施工
帷幔,施工
安全路标,施工
舱室铭牌,施工
警告牌,施工
瞀告牌,施工
指示牌,施工
船用担架,施工
健身设备,施工
娱乐设备,施工
船舶动力装置,施工
内燃机动力装置,施工
柴油机动力装置,施工
汽油机动力装置,施工
燃气机动力装置,施工
动力装置,施工
半闭式给水系统,施工
闭式给水系统,施工
闭式冷却水系统,施工
闭式炉舱通风,进程
补给水,进程
柴油沉淀柜,施工
柴油机齿轮传动,进程
柴油机直接传动,进程
柴油日用柜,施工
柴油重油切换试验,进程
侧向推力装置,施工
充气试验,进程
抽气真空泵组,施工
淡水压力柜,施工
倒车试验,进程
低位海水箱,施工
低压蒸汽发生器,施工
电力推进,进程
动力系统,施工
动力装置操纵性,属性
动力装置单位质鱼,属性
动力装置耗热率,属性
动力装置机动性,属性
动力装置热效率,属性
动力装置相对质量,属性
多机井车试验,进程
多机共轴齿轮传动,进程
多级预热给水,进程
防锈剂柜,施工
废气锅炉烟气调节阀,施工
分油机工作水柜,施工
分油机热水柜,施工
风帆助航推进,进程
辅给水系统,施工
辅机排汽预热给水,进程
辅汽轮机组,施工
辅燃气轮机组,施工
辅蒸汽系统,施工
高位海水箱,施工
给水处理,进程
给水软化装置,施工
给水溢流柜,施工
观察柜,施工
锅炉点火油柜,施工
锅炉净化剂柜,施工
锅炉排污系统,施工
锅炉燃油系统,施工
锅炉日用油柜,施工
海水压力柜,施工
核动力装置,施工
滑油沉淀柜,施工
滑油贮存柜,施工
滑油间歇净化,进程
滑油净化系统,施工
滑油连续净化,进程
滑油系统,施工
滑油泄放柜,施工
滑油泄放系统,施工
滑油循环柜,施工
滑油油渣柜,施工
回热循环,进程
回热循环汽轮机装置,施工
回油柜,施工
活塞下端泄放柜,施工
机舱辅机组,施工
机舱集控台,施工
机舱记录台,施工
机舱热油加热系统,施工
机炉舱单位长度功率数,属性
机炉舱单位容积功率数,属性
集中冷却水系统,施工
驾驶室遥控,进程
减机运转试验,进程
减轴运转试验,进程
江水箱,施工
进气装置,施工
净化滑油柜,施工
净化油柜,施工
开式冷却水系统,施工
开式炉舱通风,进程
空冷器清洗水柜,施工
离合器试验,进程
联合动力装置,施工
冷却水系统,施工
煤气机动力装置,施工
内燃机燃气轮机装置,施工
凝水给水系统,施工
凝水再循环系统,施工
暖机蒸汽系统,施工
排汽系统,施工
排气装觉,施工
排水航行机组,施工
喷水推进,进程
膨胀水箱,施工
起动空气系统,施工
起动装置,施工
汽封系统,施工
气缸油贮存柜,施工
气缸油计量柜,施工
汽轮机动力装置,施工
清洗装置,施工
全燃联合动力装置,施工
曲柄箱透气管路,施工
燃料消耗试验,进程
燃气稳压箱,施工
燃气轮机动力装置,施工
燃油驳运系统,施工
燃油沉淀柜,施工
燃油柜,施工
燃油净化系统,施工
燃油日用柜,施工
燃油系统,施工
燃油泄放柜,施工
燃油泄放系统,施工
燃油油渣柜,施工
热井,施工
热平衡计算,进程
热平衡试验,进程
热水柜,施工
热线图,施工
撤汽系统,施工
散热水箱冷却,进程
锁轴试验,进程
凸轮轴滑油柜,施工
推进辅机,施工
推进装置,施工
脱轴试验,进程
拖轴试验,进程
外燃式燃气轮机装置,施工
尾管滑油循环柜,施工
尾管滑油重力柜,施工
尾管前密封滑油柜,施工
尾机型布置,施工
泄水系统,施工
Z型推进,进程
舷外挂机推进,进程
舷外冷却,施工
循环水系统,施工
巡回检测装置,施工
压缩机滑油柜,施工
压力式滑油系统,施工
压力一重力式滑油系统,施工
液压油补给柜,施工
液压汕循环柜,施工
应急发电机燃油柜,施工
应急海水箱,施工
应急航行机组,施工
右舷主机,施工
右转机组,施工
余热回收,进程
运转试验,进程
再热循环,进程
再热循坏汽轮机装置,施工
造水装置净化剂柜,施工
蒸熘水柜,施工
蒸汽动力装置,施工
蒸汽机动力装置,施工
蒸燃联合动力装置,施工
增压器清洗水柜,施工
制动装置试验,进程
重力式滑油系统,施工
重力油柜,施工
轴带发电机装置,施工
轴系扭振测量,进程
主给水系统,施工
主机,施工
主机填料函泄放柜,施工
主机转速禁区,施工
主汽轮机组,施工
助燃剂柜,施工
主燃汽轮机组,施工
主蒸汽系统,施工
组装式辅机组,施工
最低稳定转速,属性
左舷主机,施工
左转机组,施工
自流式循环水系统,施工
自由活塞燃气轮机装置,施工
驾驶室,空间
海图室,空间
报务室,空间
雷达室,空间
机舱,空间
机舱集控室,空间
反空堆舱,空间
锅炉舱,空间
错链舱,空间
舵机舱,空间
通风机室,空间
空调机室,空间
冷冻机室,空间
发电机室,空间
变流机室,空间
蓄电池室,空间
陀螺罗经室,空间
枪室,空间
声纳舱,空间
计程仪舱,空间
生活用舱,空间
起居舱室,空间
居住舱室,空间
船长室,空间
船员室,空间
客舱,空间
货舱,空间
货油舱,空间
集装箱舱,空间
冷藏货舱,空间
液化天然气舱,空间
液化石油气舱,空间
邮件舱,空间
行李舱,空间
液舱,空间
燃油舱,空间
滑油舱,空间
溢油舱,空间
污油舱,空间
压载水舱,空间
淡水舱,空间
饮水舱,空间
锅炉水舱,空间
污水舱,空间
污油水舱,空间
贮藏室,空间
帆缆间,空间
船尖舱,空间
顶边舱,空间
深舱,空间
甲板间舱,空间
空隔舱,空间
船体几何形状和尺度,属性
船体型表面,属性
船体线型,属性
裸船体,建筑
型排水体积,属性
附体,施工
主要要素,施工
基准面和基准线,进程
主坐标平面,进程
基平面,进程
中线面,进程
中站面,进程
基线,进程
船体尺度,属性
主尺度,属性
最大长,属性
垂线间长,属性
水线长,属性
设计水线长,属性
满载水线长,属性
型宽,属性
水线宽,属性
最大宽,属性
型深,属性
吃水,属性
型吃水,属性
设计吃水,属性
艇吃水,属性
舰吃水,属性
平均吃水,属性
外形吃水,属性
满载吃水,属性
吃水标志,成果
型线图与几何形状,进程
型线图,进程
船垂线,进程
舰垂线,进程
格子线,进程
站,进程
中站,进程
站线,进程
型线,进程
数学型线,进程
型值,进程
型值表,进程
横剖面,进程
中横剖面,进程
最大横剖面,进程
水线面,进程
中纵剖面,进程
纵剖线,进程
横剖线,进程
斜剖线,进程
外廓线,进程
水线,进程
设计水线,进程
满载水线,进程
平行中体长,属性
进流段长,属性
去流段长,属性
半进流角,属性
甲板线,进程
甲板边线,进程
甲板中线,进程
舷弧,施工
梁拱,施工
梁拱线,进程
航部升高,进程
船部半径,属性
龙骨线,进程
龙骨设计斜度,属性
龙骨折角线,进程
龙骨水平半宽,属性
船底斜升线,进程
折角线,进程
隧道顶线,进程
内倾,状态
外倾,状态
外飘,状态
方舰浸宽,属性
方舰浸深,属性
船型系数与尺度比,属性
船型系数,属性
方形系数,属性
棱形系数,属性
垂向棱形系数,属性
水线面系数,属性
中横剖面系数,属性
最大横剖面系数,属性
主尺度比,属性
船体部位及船舰剖面型式,施工
前体,施工
后体,施工
水线平行段,进程
水线前段,进程
水线后段,进程
平行中体,进程
进流段,进程
去流段,进程
肩,施工
阰,施工
方舰端面,进程
船踵,施工
舰踵,施工
轴包套,施工
舰轴架,施工
碗鳍,施工
双舰鳍,施工
前倾型舱,空间
直立型船,建筑
破冰型船,建筑
球鼻船,建筑
椭圆舰,建筑
方舰,建筑
巡洋舰,建筑
隧道舰,建筑
球形舰,建筑
球朦型剖面,进程
型剖面,进程
船舶容积,属性
排水量,属性
型排水量,属性
总排水量,属性
空船重扯,属性
满载排水量,属性
设计排水量,属性
储备排水量,属性
载重量,属性
载货量,属性
载重量系数,属性
压载,属性
吨位与吨位丈桩,属性
吨位,属性
总吨位,属性
净吨位,属性
苏伊士运河吨位,属性
巴拿马运河吨位,属性
吨位丈最,属性
免除处所,空间
围蔽处所,空间
干舷与载重线,进程
干舷,施工
干舷甲板,施工
载重线,进程
季节期而定的载重水线,进程
载重线标志,进程
载重歇标尺,进程
容积与积载,属性
液舱容积,属性
货舱容积,属性
散装舱容,属性
包装舱容,属性
膨胀容积,属性
容积曲线,进程
舱容图,进程
积载,属性
积载因数,属性
全船积载因数,属性
侧向推力器,施工
伸缩侧向推力器,施工
推进操舵装置,施工
舵桨推进器,施工
转动舵桨推进器,施工
伸缩舵桨推进器,施工
主动舵,施工
全回转喷水推进器,施工
潜水器,施工
载人潜水器,施工
无人潜水器,施工
有缆潜水器,施工
无缆潜水器,施工
遥控潜水器,施工
有缆遥控潜水器,施工
无缆遥控潜水器,施工
自主式潜水器,施工
自律式潜水,进程
拖航潜水器,施工
湿式潜水器,施工
闸式潜水器,施工
深潜救生艇,施工
水下游览船,建筑
光纤遥控潜水器,施工
单人常压潜水服,施工
双功能潜水器,施工
潜水器母船,建筑
潜水器系统,施工
潜水员运行器,施工
潜水钟,施工
工作潜水钟,施工
救生钟,施工
人员运载舱,空间
观察潜水钟,施工
作业潜水钟,施工
潜水器总体性能,属性
悬停能力,属性
潜水器寿命,属性
有效载荷,属性
抗流能力,属性
潜水器结构,施工
耐压壳体,施工
耐压球,施工
耐压壳体连接,施工
耐压壳体焊接连接,施工
耐压壳体螺栓连接,施工
耐压壳体粘合连接,施工
耐压壳体夹具连接,施工
耐压壳体玻璃与金属连接,施工
观察窗,施工
平面观察窗,施工
球面观察窗,施工
圆锥形观察窗,施工
矿圆锥角的截顶圆锥,施工
对接裙,施工
水面出入口,进程
水下出入口,进程
可充胀舱口围筒,施工
潜水器系统、设备,施工
压载系统,施工
不可逆压载系统,施工
可逆压载系统,施工
浮力调节系统,施工
汽油浮力系统,施工
浮力调节橡皮衰,施工
重量代换系统,施工
重量代换水舱,空间
可调压载水舱,空间
可抛固体压载,施工
应急抛载装置,施工
可弃压载,施工
可变压载,施工
水压载,施工
铁丸压载,施工
鞍形舱,施工
压力补偿装置,施工
纵横倾调节系统,施工
高压空气系统,施工
电磁铀,施工
调节索,施工
吊放回收装置,施工
下潜平台,施工
尾部敞开井,施工
中央井,施工
中央月池,施工
甲板加压舱,空间
底置导航系统,施工
海底避碰系统,施工
便携式供水系统,施工
潜水器库,施工
跻带,施工
串列式推进系统,施工
转动套环,施工
潜水器事故和自救,进程
潜水器事故,进程
超深,状态
撞底,状态
丧失正常出水能力,属性
水下缠绕,进程
耐压壳体进水,进程
有毒气体污染,进程
丧失电源,进程
与母船失去联系,进程
呼吸气体耗尽,进程
自救措施,成果
抛弃重物,进程
抛弃设备,施工
抛弃纵倾调整液,进程
释放耐压壳体,施工
潜水器试验,进程
潜水器吊放和回收试验,进程
耐压壳体吊放试验,进程
水下装置,施工
水下作业站,空间
水下居住舱,空间
水下实验室,空间
水下焊接装凳,施工
水下观察塔,空间
海底油罐,施工
水下油罐,施工
人工鱼礁,施工
电磁描,施工
电缆埋设机,施工
伟放回收装置,施工
浮力调节橡皮囊,施工
海底电缆,施工
海底管道,施工
海底光缆,施工
海度爬行机,施工
潜水骈系统,施工
元人潜水器,施工
水下火警,施工
水下焊接装置,施工
水下监听站,空间
水下开沟机,施工
水下埋管机,施工
水下装隍,施工
水下推土机,施工
水下作业机械,施工
载冷剂泵,施工
船用风机,施工
船用压缩机,施工
船舶制冷装置,施工
船用离心分离机,施工
海水淡化装置,施工
热交换器,施工
热器,施工
海上补给装置,施工
船用生活污水处理装置,施工
型船用卫生装置,施工
船用气瓶,施工
贮存压缩空气,施工
船舶垃圾处理装置,施工
船用空调装置,施工
报警器,施工
船舶消防装置,施工
装填密度,属性
摆盘式空气压缩机,施工
板式热交换器,施工
板式蒸馆装置,施工
15ppm报警器,施工
备用泵,施工
泵舱防爆通风机,施工
扁管冷却器,施工
标准横向补给系统,施工
航底泵,施工
舱底压载泵,施工
舱底压载总用泵,施工
舱室通风机,施工
柴油分离机,施工
承载梁,施工
充液式压力真空安全装置,施工
初始空气压缩机,施工
船舶舱室空调器,施工
船舶辅机,施工
船舶通风水密闸阀,施工
船舶制冷用冷凝器,施工
船用泵,施工
船用舱口盖液压缸,施工
船用厨房垃圾粉碎机,施工
船用单作用柱塞液压缸,施工
船用电磁比例流最方向复合阀,施工
船用电液伺服阀,施工
船用多功能焚烧炉,施工
船用防爆风机,施工
船用非排放垃圾分选器,施工
船用废物分选器,施工
船用废油焚烧炉,施工
船用焚烧炉,施工
船用焚烧炉锅炉组合装置,施工
船用高压安全阀组,施工
船用固体废物粉碎机,施工
船用管道破裂保护阀,施工
船用活塞式冷水机组,施工
船用活塞式压缩冷凝机组,施工
船用活塞式制冷压缩机组,施工
船用空气传动装置,施工
船用空气控制元件,施工
船用空气执行元件,施工
船用垃圾打包机,施工
船用垃圾压实器,施工
船用离心式冷水机组,施工
船用离心式制冷压缩机组,施工
船用螺杆式冷水机组,施工
船用螺杆式压缩冷凝机组,施工
船用螺杆式制冷压缩机组,施工
船用热电制冷器,施工
船用手动比例流量方向复合阀,施工
船用双作用活塞液压缸,施工
船用蓄压器,施工
船用液压泵站,施工
船用液压平衡阀,施工
船用液压气动元件,施工
船用液压油净化装置,施工
船用移动式滤油装置,施工
船用油分离机,施工
船用油分浓度计,施工
船用涣化梩吸收式制冷机,施工
船舰加油索具,施工
串并联泵,施工
打捞救助气瓶,施工
大气冷凝器,施工
单风道集中式空调装置,施工
淡水加热器,施工
淡水冷却器,施工
低肋管冷却器,施工
低压空气瓶,施工
低压蒸汽发生器给水泵,施工
垫升风机,施工
电热压气式蒸馈装置,施工
吊杆法加油索具,施工
碟式油分离机,施工
惰性冲洗,进程
惰性化,状态
惰性化卤代烧设计浓度,属性
惰性气体发生装置,施工
惰性气体分配系统,施工
惰性气体鼓风机,施工
惰性气体洗涤塔,施工
惰性增压,状态
惰性状态,状态
二氧化碳压缩机,施工
发送头,施工
反渗诱海水淡化装置,施工
防火风门,施工
分水,施工
分体式空调器,施工
分油工况,状态
分油机室抽风机,施工
分油器加热器,施工
分杂,施工
粪便泵,施工
风机盘管式空调器,施工
浮油回收装置,施工
辅柴油机,施工
辅空气颓,施工
辅汽轮机,施工
辅燃汽轮机,施工
辅助燃烧器,施工
改进通索索具,施工
干湿两用阀装置,施工
赶油工况,状态
缸套水加热器,施工
高速航行补给,进程
高速喷射器,施工
高压空气瓶,施工
给水加热器,施工
管壳式热交换器,施工
管式蒸熘装置,施工
滚轮导管器,施工
锅炉点火泵,施工
锅炉给水泵,施工
锅炉燃油加热器,施工
锅水强制循环泵,施工
海水泵,施工
海水加热器,施工
海水蒸馆装置,施工
横倾平衡泵,施工
横向干货补给接受装置,施工
横向液货补给接受装置,施工
滑油泵,施工
滑油分离机,施工
滑油加热器,施工
滑油冷却器,施工
滑油输送泵,施工
缓冲柜,施工
混合式水加热器,施工
火星熄灭器,施工
货油泵,施工
机舱辅机,施工
机舱通风机,施工
极性溶剂的甲板泡沫系统,施工
集中式空调装置,施工
加压舱气瓶,施工
甲板洒水泵,施工
甲板水封,施工
间接式中央空调装置,施工
减压舱气瓶,施工
减摇泵,施工
接受头,施工
救生气瓶,施工
救助泵,施工
靠帮补给,进程
可调螺距旋桨轴滑油泵,施工
可移式泵,施工
可移式风机,施工
可移式消防泵机组,施工
空气抽除装置,施工
空气加热器,施工
空气冷却器,施工
空气瓶瓶头组合阀,施工
空气瓶易熔塞,施工
控制空气瓶,施工
冷风机,施工
冷却水泵,施工
立柜式空调器,施工
联合式压缩机,施工
装置密度,属性
螺旋风管,施工
错泊补给,进程
密封工况,状态
灭火剂控制装置,施工
凝水泵,施工
排气风机,施工
排渣工况,状态
跑油,状态
泡沫浓缩液,施工
泡沫液循环泵,施工
泡沫原液泵,施工
喷燃泵,施工
喷嘴清渣油分离机,施工
起动用给水泵,施工
气笛空气瓶,施工
气缸油泵,施工
气密挡板,施工
汽轮给水泵,施工
汽轮鼓风机,施工
轻柴油输送泵,施工
轻水泡沫,施工
氢气压缩机,施工
驱气,进程
燃料油输送泵,施工
燃油分离机,施工
燃油供给泵,施工
燃油加热器,施工
燃油增压泵,施工
热电式空调器,施工
热管热交换器,施工
热水循环泵,施工
人工清渣油分离机,施工
人员传送吊具,施工
日用淡水泵,施工
日用燃油泵,施工
扫舱泵,施工
闪发式蒸馆装置,施工
闪发室,空间
射水抽气器,施工
射水抽水器,施工
深位火灾,施工
生活污水处理装置,施工
生活污水粉碎消毒设备,施工
生活污水贮存柜,施工
湿式阀装置,施工
舫舱泵,施工
手动泵,施工
疏水泵,施工
双风道集中式空调装置,施工
水封,进程
水幕喷头,施工
透气枙管,施工
凸轮轴滑油泵,施工
凸轮轴滑油冷却器,施工
推进风机,施工
舰管滑油泵,施工
舰管油封用油泵,施工
围油栏,施工
卫生泵,施工
稳压空气瓶,施工
污泥定量泵,施工
污泥柜,施工
污泥燃烧器,施工
污水泵,施工
污物粉碎泵,施工
无绝热螺旋风管,施工
无油润滑空气压缩机,施工
消防泵,施工
消防剂传动装置,施工
消防气瓶,施工
消防总用泵,施工
消火栓箱,施工
I型船用卫生装置,施工
II型船用卫生装置,施工
III型船用卫生装置,施工
蓄电池冷却水泵,施工
循环水泵,施工
压载泵,施工
烟火探测器,施工
烟气排气阀,施工
盐水泵,施工
盐水空气抽除器,施工
氧气压缩机,施工
药剂水泵,施工
夜间补给,进程
液货泵,施工
移动式辅燃汽轮机组,施工
应急辅助鼓风机,施工
溢油,状态
饮用水泵,施工
饮用水矿化器,施工
应急控制空气瓶,施工
应急消防泵,施工
油水分界面,进程
油水界面探测器,施工
油污水分离装置,施工
油污水输送泵,施工
油渣泵,施工
诱导器,施工
雨淋阀装置,施工
预绝热螺旋风管,施工
预作用装置,施工
杂用空气瓶,施工
再热式布风器,施工
再热式诱导器,施工
再生通风机,施工
增压泵,施工
增压器滑油泵,施工
真空冷凝器,施工
真空式收集,施工
针管热交换器,施工
蒸馆器,施工
蒸馔水泵,施工
射器,施工
蒸汽淡水弓,施工
直接蒸发式中央空调装置,施工
止回装置,施工
制冷剂泵,施工
制冷剂气瓶,施工
中速水雾喷头,施工
中压空气瓶,施工
重柴油输送泵,施工
重力环,施工
重力式收集,施工
轴带给水泵,施工
主空气瓶,施工
专用清洁压载泵,施工
转驳柜,施工
自行清渣油分离机,施工
自由活塞空气压缩机,施工
总用泵,施工
纵倾平衡泵,施工
组装式中央空调装置,施工
进坞,进程
出坞,进程
上排,进程
摆墩,进程
坞内找正,进程
船底望光,进程
水下维修,进程
水下黏合,进程
轴套黏接,进程
螺旋桨轴配键,进程
螺旋桨螺距矫正,进程
螺距规,进程
螺旋桨校平衡,进程
螺旋桨修理,进程
螺旋桨锥孔研配,进程
立式配锥孔,施工
卧式配锥孔,施工
高压水清洗,进程
喷丸除锈,进程
机械除锈,进程
喷砂除锈,进程
湿喷砂除锈,进程
喷涂,进程
滚涂,进程
喷浆法,成果
船舶改装,进程
洗舱,进程
测爆,进程
船体外板测厚,进程
换板,进程
钢质夹层板结构,施工
曲轴修正,进程
轴模,进程
曲轴就地加工,进程
吊缸,施工
轴承刮研,进程
主轴颈下沉量,属性
桥规,进程
曲轴臂距差测量,进程
曲轴量表,进程
机座找平,进程
机架定位,进程
气缸体定位,进程
导板定位,进程
运动件校中,进程
找止点,进程
止点规,进程
校气缸余隙,进程
校定时,进程
校气阀间隙,进程
阀面研磨,进程
冲车,进程
启动,进程
磨合,进程
试车,进程
锅炉底座定位,进程
锅筒定位,进程
炉墙砌筑,进程
锅炉绝热层包扎,进程
炉胆顶圆,进程
炉胆焊装,进程
燃烧室板壁矫正,进程
锅炉管孔堵焊,进程
烘炉,进程
煮炉,进程
扫炉,进程
洗炉,进程
锅炉水压试验,进程
安全阀调整试验,进程
勘验,进程
套合,进程
镶套,进程
电刷镜,进程
镜络修复,进程
镶铁修复,进程
热喷涂,进程
光车,进程
金属扣合,进程
划桨救生艇,建筑
机动救生艇,建筑
救生艇总长,属性
救生艇宽,属性
救生艇深,属性
救生艇总重量,属性
救生艇浮力,属性
救生艇乘员定额,属性
座板,施工
空气箱,施工
自然浮力材料,施工
艇吊钩,施工
联动脱钩装置,施工
般部扶手,施工
舷沿救生索,施工
艇滑架,施工
救助艇,建筑
降落装置,施工
吊艇装置,施工
吊艇架,施工
重力式吊艇架,施工
转出式吊艇架,施工
艇座,施工
固艇索具,施工
吊艇索,施工
横张索,施工
放艇安全素,施工
吊艇架额定负荷,进程
吊艇架跨距,属性
安全降落速度,属性
救生筏,建筑
刚性救生筏,建筑
气胀式设备,施工
充气式设备,施工
气胀救生筏,施工
可吊救生筏,施工
吊筏架,施工
静水压力释放器,施工
救生登乘梯,施工
登艇梯,施工
救生服,施工
救生圈,施工
救生衣,施工
保温用具,施工
火箭降落伞火焰信号,进程
漂浮烟雾信号,进程
手持火烟信号,进程
救生圈自亮浮灯,施工
逆向反光材料,施工
救生索,施工
救生属具,施工
救生抛绳设备,施工
柴油机,施工
汽轮机,施工
燃气轮机,施工
变尾缘叶栅,施工
不可逆转柴油机,施工
柴油机盘车联锁装置,施工
长期倒车工况,状态
长期停车,状态
超扭保护装置,施工
超速保护装置,施工
操纵机构,施工
齿轮传动式汽轮机,施工
持续转速,属性
持续使用功率,属性
持续功率稳定性试验,进程
串联叶栅,施工
船用柴油机,施工
船用发电用汽轮机,施工
船用汽轮机,施工
船用燃气轮机,施工
带负荷试验,进程
单缸直通式汽轮机,施工
单流汽轮机,施工
倒车部分,施工
倒车动叶,施工
倒车阀,施工
倒车工况,状态
倒车功率,属性
倒车喷嘴,施工
倒车汽缸,施工
倒车燃气轮机,施工
倒车油动机,施工
倒顺车燃气轮机,施工
底架,施工
低速机组,施工
惰走曲线,进程
防爆门,施工
防喘系统,施工
放气系统,施工
防水系统,施工
非增压柴油机,施工
功率换算,进程
功率转速匹配图,进程
固定式辅燃气轮机,施工
滑参数起动,进程
滑油消耗率,属性
换向机构,施工
换向时间,进程
活塞环开口间隙,进程
回注蒸汽喷嘴,施工
机体,施工
机座,施工
加速燃气轮机,施工
加速性试验,进程
减功系数,属性
间冷回热燃气轮机,施工
节点温差,属性
紧急停车装置,施工
紧急空气关闭阀,施工
进气管,施工
进排气消音装置,施工
可逆转柴油机,施工
空负荷试验,进程
空气马达起动,进程
空气消耗率,属性
快速换向试验,进程
快速升负荷试验,进程
冷态起动,进程
冷态应急起动,进程
冷态应急起动试验,进程
连杆,施工
临界转速,属性
临时停车,状态
耐久性试验,进程
暖机,施工
暖机起动,进程
暖机起动试验,进程
扭振减振器,施工
排气管蜗壳,施工
排气红外线抑制装置,施工
盘车机构,施工
旁通阀,施工
旁通调节,进程
配气机构,施工
配汽机构,施工
喷水推进燃气轮机,施工
喷盐雾试验,进程
喷油泵,施工
喷油器,施工
起动压力,属性
起动空气分配器,施工
气阀间隙,进程
气缸安全阀,施工
气缸盖,施工
气缸间隙,进程
气缸起动阀,施工
气缸套,施工
气缸体,施工
汽化比,属性
汽轮机超速试验,进程
汽轮机盘车联锁装置,施工
汽轮机单缸运行装置,施工
强制循环蒸汽发生器,施工
清洗试验,进程
清洗系统,施工
敲缸,进程
曲柄臂距差,属性
曲轴,施工
曲轴箱爆炸,进程
曲轴箱油雾探测器,施工
全电调节,进程
全工况燃气轮机,施工
全速倒车工况,状态
全速工况,状态
全速级组,施工
热态起动,进程
热态应急总起动试验,进程
燃气轮机箱装体,施工
扫气箱,施工
扫气箱着火,进程
示功阀,施工
双缸外旁通式汽轮机,施工
双缸内旁能式汽轮机,施工
双缸串并联式汽轮机,施工
双工质平行一~复合循环燃气轮机,施工
双流汽轮机,施工
双燃料发动机,施工
速关阀,施工
调速器,施工
凸轮间隙,进程
凸轮轴,施工
推进机组,施工
涡轮增压器,施工
巡航工况,状态
巡航汽轮机,施工
巡航燃气轮机,施工
移动式辅燃气轮机,施工
油底壳,施工
右旋叶栅,施工
增压柴油机,施工
蒸汽发生器,施工
正车部分,施工
正车工况,状态
正车喷嘴,施工
正车动叶,施工
正车油动机,施工
制动转速,属性
中间空气冷却器,施工
直流循环蒸汽发生器,施工
轴承烧损,进程
轴承轴向间隙,进程
主柴油机,施工
主汽轮机,施工
主蒸汽动力,进程
主蒸汽温度,属性
主蒸汽齿轮机组轴端功率,属性
主燃气轮机,施工
转速禁区,进程
最低起动压力试验,进程
最大连续工况,状态
最大间断工况,状态
最低稳定运行工况,状态
左旋叶栅,施工
自动停车装置,施工
自然循环蒸汽发生器,施工
船体,建筑
船体结构,建筑
主船体,建筑
骨架,建筑
析材,施工
腹板,施工
面板,施工
纵骨架式,施工
横骨架式,施工
混合骨架式,施工
构件,施工
主要构件,施工
次要构件,施工
连续构件,施工
间断构件,施工
冰区加强,进程
肘板,施工
折边肘板,施工
防倾肘板,施工
贯通肘板,施工
肘板连接,施工
直接连接,施工
面板切斜连接,进程
切斜端,进程
纵骨,施工
外板,施工
方龙骨,施工
平板龙骨,施工
龙骨翼板,施工
船底板,施工
般列板,施工
阰龙骨,施工
舷侧外板,施工
舷顶列板,施工
舷墙,施工
船底,施工
单底,施工
双层底,施工
内底边板,施工
中衔材,施工
旁析材,施工
半高底纵柜,施工
箱形龙骨,施工
中内龙骨,施工
旁内龙骨,施工
实肋板,施工
水密肋板,施工
组合肋板,施工
船底横骨,施工
内底横骨,施工
撑材,施工
轻型肋板,施工
舰肋板,施工
船底横柜,施工
船底纵骨,施工
内底纵骨,施工
阰肘板,施工
污水井,施工
船侧骨架,施工
肋骨,施工
肋距,属性
底舱肋骨,施工
主肋骨,施工
尖舱肋骨,施工
斜肋骨,施工
甲板间肋骨,施工
护舷材,施工
甲板与平台,施工
平台,施工
覆材甲板,施工
强力甲板,施工
第二甲板,施工
下甲板,施工
舱壁甲板,施工
车辆甲板,施工
舷伸甲板,施工
甲板边板,施工
围板,施工
围井,施工
舱口,进程
围罩梯口,进程
机舱棚,施工
甲板骨架,施工
横梁,施工
梁肘板,施工
半梁,施工
强横梁,施工
舱口端梁,施工
甲板横衔,施工
甲板纵柜,施工
舱口纵衔,施工
短纵衔,施工
甲板纵骨,施工
斜梁,施工
舰横梁,施工
管形支柱,施工
组合支柱,施工
舱壁,施工
横舱壁,施工
纵舱壁,施工
斜舱壁,施工
甲板间舱壁,施工
防撞舱壁,施工
舰尖舱舱壁,施工
平面舱壁,施工
槽形舱孽,施工
舱壁座,施工
舱壁龛,施工
水密舱壁,施工
扶强材,施工
水平衔,施工
竖柜,施工
轴隧,施工
舷魏结构,施工
舱柱,施工
舰柱,施工
推进器柱,施工
轴敕,施工
舵柱,施工
持舵臂,施工
强胸横梁,施工
主机基座,施工
推力轴承座,施工
辅机基座,施工
锅炉座,施工
上层建筑与甲板室,空间
上层建筑,建筑
桥楼,空间
艏楼,空间
甲板室,空间
船体强度,属性
总纵强度,属性
中拱,施工
中垂,施工
空船重址分布,进程
静水剪力曲线,进程
载重扯分布,进程
静水弯矩曲线,进程
波浪剪力曲线,进程
波浪弯矩曲线,进程
船体中和轴,施工
甲板剖面模数,属性
船底剖面模数,属性
船体挠度,属性
船体水平弯曲强度,属性
船体扭转强度,属性
横强度,属性
局部强度,属性
横向歪斜,状态
晃击,状态
船体振动,状态
船体梁振动,状态
总振动,状态
垂向弯曲振动,状态
水平弯曲振动,状态
纵向振动,状态
船体扭转振动,状态
局部振动,状态
船体固有振动频率,属性
舰部振动,状态
振动烈度,属性
自由航迹试验,进程
船体振动对数衰减率,属性
抛铀激振试验,进程
螺旋桨激振力,进程
轴承力,进程
激振试验,进程
表面力,进程
叶频,属性
击振,状态
弹振,状态
振动允许界限,进程
人体振动允许界限,进程
航标船,建筑
航标艇,建筑
灯船,建筑
破冰船,建筑
钢扒船,建筑
水底整平船,建筑
扒石船,建筑
冲击式碎石船,建筑
钻孔爆破船,建筑
航道挖泥船,建筑
航道测量船,建筑
扫海船,建筑
绞滩船,建筑
打桩船,建筑
打沙桩船,建筑
压桩船,建筑
深层软地基固化船,建筑
打穷船,建筑
混凝土搅拌船,建筑
钻探船,建筑
工程驳,建筑
发电船,建筑
海浪发电船,建筑
潮沙发电船,建筑
自升式作业平台,施工
起重船,建筑
旋转变幅式起重船,建筑
固定式起重船,建筑
变幅式起重船,建筑
垃圾船,建筑
清扫船,建筑
消防船,建筑
检疫船,建筑
医院船,建筑
浮油回收船,建筑
救捞船,建筑
救捞驳,建筑
救助船,建筑
救助拖船,建筑
快速救生艇,建筑
潜水工作船,建筑
潜水工作驳,建筑
潜水训练船,建筑
组合式浮船坞,施工
沉箱浮坞,施工
修理船,建筑
电焊船,建筑
布缆船,建筑
产品加工船,建筑
工厂船,建筑
海水淡水船,建筑
住宿船,建筑
采金船,建筑
采矿船,建筑
宿舍船,建筑
采蛹壳船,建筑
起错船,建筑
错缆驳,建筑
挖泥船船型,建筑
喷射挖泥船,建筑
气动泵挖泥船,建筑
佼吸挖泥船,建筑
接力泵船,建筑
自载式挖泥船,建筑
铲斗挖泥船,建筑
两栖反铲挖泥船,建筑
封底泥驳,建筑
侧开泥驳,建筑
翻石船,建筑
灯标,施工
航标舱,空间
航标起重机,施工
冰锚,施工
碎石锤,施工
多能打桩架,施工
主钩起重量,属性
副钩起重量,属性
吊货最大纵倾角,属性
吊货最大横倾角,属性
打捞浮筒,施工
干加压舱,空间
湿加压舱,空间
可潜式加压舱,空间
轻便加压舱,空间
过渡舱,空间
潜水工作间,空间
潜水器材舱,空间
潜水平台,空间
闸室装置,施工
自给式呼吸器,施工
无人可潜器,施工
氦氧电话,施工
湿泵舱,空间
干泵舱,空间
坞墙通道,空间
坞墙内通道,空间
I坞墙顶甲板,施工
坞墙底,施工
布墩长,属性
船坞工作吃水,属性
坞体宽,属性
最大沉深干舷,施工
空坞排水,属性
上浮时间,属性
下沉时间,属性
浮坞飞桥,施工
移坞装置,施工
防撞装置,施工
引船小车,施工
沉浮试验,进程
抬船试验,进程
浮船坞指示仪,施工
浮坞起重机,施工
引船绞盘,施工
坞墙旁撑,施工
集控室,空间
浮坞排水泵,施工
电缆舱,空间
鼓轮式布缆机,施工
履带式布织机,施工
电缆埋设犁,施工
捞缆钩,施工
布缆浮筒,施工
电缆松紧指示器,施工
布缆测速装置,施工
对中限制器,施工
切线器,施工
首滑轮架,施工
尾滑轮,施工
挖泥设备,施工
排泥设备,施工
挖泥船总队,进程
挖泥船队,进程
挖泥产量,属性
合同挖泥产量,属性
排泥管总长,属性
水上排泥管长度,属性
前移距,属性
泥舱容积曲线,进程
耙吸挖泥阻力,属性
泥泵效率,属性
斗泥泵总扬程,属性
泥泵特性曲线,进程
习排泥管特性曲线,进程
铲斗挖泥臂距,属性
月抓斗最大吊高,属性
最大起重量,属性
最小起重量,属性
鸥抓斗机尾半径,属性
琐抓斗升程,属性
斗链下垂度,属性
链斗容积,属性
上导轮中心高,属性
泥泵,施工
胶衬泥泵,施工
双壳泥泵,施工
冲水泵,施工
气动泵,施工
吸泥管线,施工
船上排泥管,施工
寸挠性接头,施工
压力管线,进程
冲水管,施工
洒水短管,施工
斗轮佼刀,施工
佼刀,施工
佼刀架,施工
佼刀吊架,施工
习佼刀架起落装置,施工
佼刀修理平台,施工
起落绞车,施工
针主动耙头,施工
耙头梯架起落装置,施工
耙臂小车,施工
劝泥舱稀释装置,施工
逍斗链张紧装置,施工
砚链斗装置,施工
心斗链,施工
上导轮平台,施工
硝导链滚轮,施工
链斗传动装置,施工
扛连续斗链,施工
针间隔斗链,施工
斗桥,施工
复式斗桥,施工
引副斗桥,施工
斗桥上支承,施工
斗桥下支承,施工
斗桥吊架,施工
斗桥起落装置,施工
卧桥挡护木,施工
双鄂抓斗,施工
在抓斗的斗臂,施工
铲斗柄,施工
铲斗吊杆,施工
铲斗转盘,施工
铲斗支架,施工
排泥管,施工
喷嘴,施工
球形接头,施工
伸缩接管,施工
塑料排泥管,施工
自浮管,施工
可潜泥管,施工
排泥浮筒,施工
排泥管进气阀,施工
输泥浮筒,施工
泥门启闭机构,施工
分泥板,施工
自动排稀装置,施工
浮力舱,空间
工作错,施工
移错吊杆,施工
船错绞车,施工
铅笔桩,施工
主错绞车,施工
舰错绞车,施工
横移绞车,施工
水下导缆桩,施工
定位系统,施工
挖泥船自控程序系统,施工
泥浆浓度计,施工
挖泥深度指示器,施工
泥斗计数器,施工
挖泥产量计,施工
挖泥情况示屏,施工
挖泥遥控装置,施工
前移距指示仪,施工
电遥测压力计,施工
声波基槽断面示屏,施工
光控惯性罗盘,施工
扣镐索计,施工
电化学腐蚀,状态
海洋人气腐蚀,状态
腐蚀,状态
全浸厌腐蚀,状态
海泥区腐蚀,状态
杂散电流腐蚀,状态
腐蚀试验,进程
不锈钢点蚀试验,进程
不诱钢缝隙腐蚀试验,进程
铝合金品间腐蚀试验,进程
铝合金层状腐蚀试验,进程
涂层耐阴极电位试验,进程
电化学保护,进程
防蚀,状态
腐蚀裕杖,进程
辅助阳极,进程
阳极屏蔽层,进程
接地,进程
屯解润水防污,进程
火焰除锈,进程
金属喷锁,进程
喷锻锌,进程
喷锁铝,进程
喷锁锌铝合金,进程
热浸锁锌,进程
涂装,进程
刮涂,进程
刷涂,进程
压缩空气喷涂,进程
高压元气喷涂,进程
水下涂装,进程
航防蚀涂层,进程
底漆,进程
防锈涂料,进程
防污涂料,进程
报验项目,进程
交验验收通知书,进程
完工检验,进程
拆验,进程
船用产品检验,进程
船用产品证书,成果
船用产品认可证,成果
产品技术质量证明书,成果
船体建造质量检验,进程
检验样条,进程
检验样板,进程
检验样箱,进程
样条法检验,进程
样板法检验,进程
船体放样检验,进程
型线检验,进程
外板展开检验,进程
船体构件展开检验,进程
格子线检验,进程
船体建造公差,进程
船舶建造检验,进程
船体零件加工检验,进程
部件检验,进程
船体分段检验,进程
肋骨框架装配检验,进程
船台装配检验,进程
全船结构检查,进程
全船矫正检查,进程
主尺度测量,进程
船体完整性检验,进程
载重线标记和水尺检验,进程
下水压载检查,进程
下水检查,进程
胎架检验,进程
肋骨检验线,进程
肋骨间距测量,进程
肋骨弯势测扯,进程
船台中心线测蜇,进程
船台标杆线,进程
船体中线测董,进程
船体装配对合线,进程
船体密性试验,进程
冲水试验,进程
灌水试验,进程
水压试验,进程
油压试验,进程
淋水试验,进程
气密试验,进程
煤油试验,进程
油雾试验,进程
船舶设备和船舶系统安装质量检验,进程
描投落试验,进程
铀拉力试验,进程
错链拉力试验,进程
错链拉断试验,进程
抛错试验,进程
人力应急起描试验,进程
舵结构装焊检验,进程
舵装置检验,进程
操舵试验,进程
人力应急操舵试验,进程
救生艇抛落试验,进程
救生艇起落试验,进程
救生艇架强度试验,进程
救生设备到位检查,进程
起货设备吊重试验,进程
货舱口盖装配检验,进程
货舱口围板安装检验,进程
舷梯强度试验,进程
引航员梯试验,进程
轴支架安装检验,进程
轴支架投落试验,进程
系泊设备试验,进程
拖曳设备试验,进程
应急疏水试验,进程
消防系统效用试验,进程
轴系及螺旋桨安装质量检验,进程
轴承位移量检验,进程
轴承座安装检验,进程
轴系安装质量检验,进程
舰轴管镜杆中心校验,进程
航轴管水压试验,进程
轴套水压试验,进程
轴套油压试验,进程
螺旋桨完工测掀,进程
螺旋桨配合检查,进程
螺旋桨静平衡试验,进程
螺旋桨安装检查,进程
螺旋桨轴安装间隙测量,进程
系泊试验和航行试验质量检验,进程
系泊试验,进程
航行试验,进程
倾斜试验,进程
摇摆试验,进程
航速试验,进程
惯性试验,进程
航向稳定性试验,进程
主机系泊试验,进程
主机航行试验,进程
主机起动试验,进程
主机换向试验,进程
主机最低稳定工作转速,属性
主锅炉试验,进程
辅锅炉试验,进程
废气锅炉试验,进程
锅炉安全阀试验,进程
管路密性试验,进程
管系效用试验,进程
发电机组系泊试验,进程
应急发电机组自动起动,进程
发电机组静态特性试验,进程
发电机组动态特性试验,进程
发电机组负载试验,进程
超载,状态
发电机组并联运行试验,进程
冷藏货舱绝热效能试验,进程
制冷试验,进程
制冷系统真空试验,进程
制冷系统气密试验,进程
收发信机效用试验,进程
音响试验,进程
号灯灯光试验,进程
救生艇手提电台效用试验,进程
警报信号自动拍发器效用,进程
警报信号自动报警器效用,进程
火灾自动报菩系统效用,进程
自动喷水系统工作试验,进程
水灭火系统效用试验,进程
二氧化碳灭火系统施放,进程
卤化物灭火系统施放试验,进程
水雾灭火系统喷射试验,进程
惰性气体系统效用试验,进程
泡沫灭火系统喷射试验,进程
船台中心线测量,进程
船体中线测量,进程
二氧化碳灭火系统施放试验,进程
火灾自动报警系统效用试验,进程
警报信号自动报警器效用试验,进程
警报信号自动拍发器效用试验,进程
肋骨弯势测量,进程
舰轴管水压试验,进程
舰轴管惶杆中心校验,进程
螺旋桨完工测量,进程
描拉力试验,进程
描链拉断试验,进程
铀链拉力试验,进程
航员梯试验,进程
应急发电机组自动起动效用试验,进程
人力应急起铀试验,进程
主机最低稳定工作转速试验,进程
油类,施工
油性混合物,施工
排放,进程
倾倒,进程
操作性排放,进程
事故性排放,进程
船上焚烧,进程
防止油类污染系统,施工
舷外排放控制,进程
起动连锁,进程
油水分离器,施工
油分离机,施工
油分浓度计,施工
舱底水,施工
含油舱底水,施工
舱底水综合处理系统,施工
残油,施工
油泥,施工
残油舱,空间
油泥舱,空间
含油舱底水储存柜,施工
油类标准排放接头,施工
重力分离,进程
聚结分离,进程
过滤法,成果
吸附法,成果
油量瞬间排放率,属性
专用压载舱,空间
清洁压载舱,空间
专用压载水,施工
清洁压载水,施工
专用压载舱容量,属性
专用压载舱保护位置,属性
生活污水,施工
灰水,施工
生活污水粉碎消毒系统,施工
生活污水贮存系统,施工
真空收集系统,施工
常规重力收集系统,施工
集污舱,空间
生活污水标准排放接头,施工
生物化学处理法,成果
物理化学处理法,成果
船舶垃圾,施工
可排放垃圾,施工
不可排放垃圾,施工
焚烧炉,施工
生活废弃物,施工
食品废弃物,施工
货物装卸废弃物,施工
维修废弃物,施工
货物残余物,施工
操作性废弃物,施工
垃圾收集,进程
垃圾处置,进程
垃圾打包装置,施工
垃圾压实装置,施工
垃圾粉碎装置,施工
垃圾记录簿,进程
垃圾管理计划,进程
船舶压载水管理,成果
船舶压载水管理计划,进程
压载水管理系统,施工
压载水处理设备,施工
有害水生物和病原体,进程
活性物质,施工
活性有机物,施工
压载舱,空间
压载水容量,属性
取样设备,施工
压载水置换,进程
顺序法,成果
排空法,成果
溢流法,成果
稀释法,成果
压载水记录簿,进程
国际压载水管理证书,成果
洗舱系统,施工
原油洗舱,空间
洗舱机,施工
扫舱装置,施工
统洗,进程
预洗,进程
冲洗,进程
分段清洗,进程
清洗循环次数,属性
洗涤塔,施工
压力真空阀,施工
呼吸阀,施工
有毒液体物质,施工
有效扫舱,空间
泵吸扫舱系统,施工
强制预洗,进程
对已卸完,进程
扫舱量,属性
水性能试验,进程
残余物,施工
高黏度物质,施工
低黏度物质,施工
油污染事故,施工
船上油污应急计划,进程
应急预案,进程
油带,施工
溢油回收系统,施工
图油栏,施工
撒油器,施工
临时储存设备,施工
原地燃烧,进程
流体回收率,属性
回收效率,属性
油回收率,属性
船舶大气污染,进程
消耗臭氧物质,施工
消耗臭氧潜能值,属性
排放控制区,空间
选择性催化还原,进程
挥发性有机化合物,施工
废气滤清,进程
废气再循环,进程
油气挥发控制系统,施工
净油吸附法,成果
燃油燃烧装置,施工
连续进料,进程
船上监测手册,成果
国际防止空气污染证书,成果
特种作业,进程
安全管理,进程
危险因素,进程
有害因素,进程
危险化学品,施工
安全标志,进程
安全通道,空间
安全保护用品,施工
安全设施,施工
高温作业,进程
低温作业,进程
粉尘作业,进程
有毒作业,进程
噪声作业,进程
禹处作业,进程
点处作业,进程
坠落高度基准面,进程
最低坠落着落点,进程
高处作业高度,属性
强风高处作业,进程
带电高处作业,进程
悬空高处作业,进程
抢救商处作业,进程
临边禹处作业,进程
洞口边禹处作业,进程
攀登商处作业,进程
机械行走升降平台嵩处作业,进程
高处作业标记,进程
脚手架,施工
钢管式脚手架,施工
吊笼式悬空脚手架,施工
电动吊篮式脚手架,施工
安全网,施工
涂装作业,进程
特种涂装作业,进程
有限空间,空间
空气喷涂,进程
无气喷涂,进程
静电喷涂,进程
自然通风,进程
机桄通风,进程
火灾,进程
类火灾,进程
明火作业,进程
爆炸,进程
物理爆炸,进程
化学爆炸,进程
燃爆,进程
爆震,进程
可燃气体爆炸,进程
可燃液体爆炸,进程
可燃气体液体混合爆炸,进程
可燃粉尘爆炸,进程
爆炸浓度极限,进程
爆炸温度极限,进程
隔离灭火法,成果
窒息灭火法,成果
冷却灭火法,成果
化学抑制法,成果
焊接切割烟尘,进程
焊接切割有害气体,进程
弧光辐射,进程
放射性,进程
电气作业,进程
感知电流,进程
摆脱电流,进程
致命电流,进程
临时接地,进程
故陪接地,进程
固定接地,进程
工作接地,进程
保护接地,进程
电缆连续导体接地,进程
保护接零,进程
安全电压,属性
直接触电,进程
间接触电,进程
漏电触电,进程
跨步电压触电,进程
送电触电,进程
正送电触电,进程
反送电触电,进程
剩电触电,进程
非接触触电,进程
电击,进程
电伤,进程
电工安全用具,施工
绝缘安全用具,施工
电气安全距离,属性
安全载流量,属性
静电,进程
起重机械,施工
起重作业人员,进程
吊装作业,进程
吊环,施工
吊梁,施工
吊索具,施工
吊杆安全工作负荷,进程
压力容器,施工
常压容器,施工
储存压力容器,施工
元件,施工
受压元件,施工
安全阀,施工
工作压力,属性
设计压力,属性
工作温度,属性
燥炸,进程
煤袋,施工
洞口边点处作业,进程
放电触电,进程
高处作业,进程
故院接地,进程
机械通风,进程
机械行走升降平台高处作业,进程
临边腐处作业,进程
攀登高处作业,进程
起觅作业人员,进程
抢救高处作业,进程
热喷洽,进程
受比元件,进程
有毒作作业,进程
磁极,进程
永磁,进程
亚永磁,进程
瞬磁,进程
感应磁,进程
磁感受性,进程
磁导率,属性
矫顽力,进程
顽磁,进程
剩磁,进程
地球的总磁力,进程
地球的总磁力线,进程
磁倾角,属性
磁差,属性
硬铁,施工
中性铁,施工
软铁,施工
非磁性材料,施工
指向力,进程
平均指向力,进程
罗经,施工
磁罗经,施工
液体罗经,施工
干罗经,施工
半球罗经,施工
非周期罗经,施工
标准罗经,施工
操舵罗经,施工
备用操舵罗经,施工
应急罗经,施工
吊挂罗经,施工
潜望镜罗经,施工
反射罗经,施工
投影罗经,施工
传送罗经,施工
自动操舵罗经,施工
磁控元件或磁基准单元,施工
罗经盆,施工
常平架,施工
舶方位标志,进程
辙基线,进程
艏方位标志,进程
艏基线,进程
枢轴,施工
定向环,施工
罗经度盘,施工
罗经磁针,施工
磁性部件,施工
枢轴轴承,施工
度盘支承座,施工
浮室,空间
指向系统,施工
罗经点,进程
主点,进程
隅点,进程
试验台,施工
对准误差,属性
偏心误差,属性
分度误差,属性
度盘误差,属性
指向误差,属性
蜡基线误差,属性
艏基线误差,属性
摩擦误差,属性
涡动误差,属性
感应误差,属性
周期,属性
半周期,属性
自差,属性
罗经总误差,属性
倾斜误差,属性
加速误差,属性
罗经校正,进程
罗经测定,进程
船舶回旋,进程
剩余自差,属性
自差表,施工
自差曲线,进程
自差益线,进程
偏转仪,施工
倾斜误差仪,施工
消磁,进程
嬉向,属性
艏向,属性
罗经柜,施工
弗氏棒,施工
方位读数仪,施工
方位仪,施工
方位圈,施工
方位瞄准器,施工
极端值,属性
极端尺度,属性
型表面,进程
垂线,进程
艉垂直,进程
艏垂线,进程
满载水线面,进程
最大宽度,属性
最大横剖面宽度,属性
最大浸水宽,属性
排水重量,属性
排水体积,属性
吃水极端值,属性
艉吃水,属性
艏吃水,属性
长度,属性
浸水体长,属性
方型系数,属性
纵倾比,属性
纬度,属性
经度,属性
北,进程
南,进程
东,进程
西,进程
东北,进程
东南,进程
西北,进程
西南,进程
船首向,属性
真航向,属性
罗航向,属性
罗经差,属性
陀罗航向,属性
陀罗差,属性
计划航向,属性
航迹向,属性
风压差,属性
流压差,属性
风流压差,属性
转向,属性
方位,属性
真方位,属性
罗方位,属性
陀罗方位,属性
舷角,属性
距离,属性
正横距离,属性
航程,属性
计程仪航程,属性
实际航程,属性
船速,属性
主机航速,属性
计程仪航速,属性
实际速度,属性
计程仪读数,属性
计程仪改正率,属性
时间,进程
地方时,进程
世界时,进程
世界协调时,进程
时区号,进程
区时,进程
船时,进程
物标高度,属性
天体高度,属性
海里,进程
链,进程
节,进程
陆测船位,属性
天测船位,属性
积算船位,属性
推算船位,属性
雷达船位,属性
电测船位,属性
卫星船位,属性
联合船位,属性
测深船位,属性
移线船位,属性
锚位,属性
船位差,属性
罗兰船位,属性
海水表层温度,属性
海浪,进程
波高,属性
波向,属性
波型,属性
水温,属性
流速,属性
流向,属性
透明度,属性
水色,属性
海发光,进程
浮冰,进程
固定冰,进程
冰山,进程
能见度,属性
云状,属性
积云,进程
积雨云,进程
低云,进程
层云,进程
云量,属性
胚层云,进程
卷云,进程
卷层云,进程
卷积玄,进程
云高,属性
天气现象,进程
风速,属性
风向,属性
合成风,进程
软风,进程
风速范围,属性
中数值,属性
气压,属性
空气温度,属性
空气湿度,属性
船用窗,施工
船用窗公称尺寸,属性
船用窗的透光尺寸,属性
燎栓安装窗,施工
焊接窗,施工
开式窗,施工
共铰式窗,施工
固定窗,施工
船用国形窗,施工
转轴式舷窗,施工
船用矩形窗,施工
船用异形窗,施工
普通船用矩形窗,施工
船用移窗,施工
船用扇窗,施工
驾驶室窗,施工
船用宽幅窗,施工
左开窗,施工
右开窗,施工
窗座,施工
插口,施工
窗框,施工
玻璃压框,施工
舷窗风暴盖,施工
矩形窗风暴盖,施工
玻璃板,施工
加热玻璃板,施工
耐火玻璃板,施工
安全玻璃,施工
钢化安全玻璃,施工
浮法玻璃,施工
普通平板玻璃,施工
夹丝玻璃,施工
透明玻璃,施工
彩色玻璃,施工
毛玻璃,施工
旋转视窗,施工
拭窗器,施工
防护盖,施工
遮光盖,施工
防蚊纱窗,施工
导风罩,施工
船用圆形窗,施工
级栓安装窗,施工
防蚁纱窗,施工
船体放样,进程
实尺放样,进程
数学放样,进程
手工放样,进程
船体理论型线放样,进程
肋骨型线放样,进程
船体结构线放样,进程
型线光顺,进程
数学光顺,进程
肋骨插值,进程
完工型值表,进程
板缝排列,进程
结构展开,进程
外板展开,进程
板厚修正,进程
肋骨弯度,属性
样板,施工
样箱,施工
样条,施工
样棒,施工
可调样板,施工
梁拱样板,施工
肋骨样板,施工
加工样板,施工
号料样板,施工
船体零件号料,进程
手工号料,进程
草图号料,进程
数控号料,进程
套料,进程
数控套料,进程
船体加工,进程
船体加工符号,进程
钢材预处理,进程
边缘加工,进程
削斜,进程
曲面成形加工,进程
型材内弯,进程
角钢,施工
型材外弯,进程
冷弯加工,进程
热弯加工,进程
滚弯,进程
压弯,进程
顶弯,进程
折角,进程
折边,进程
压筋,进程
水火弯板,进程
大火成形,进程
火工矫正,进程
逆直线法,成果
船体装配,进程
船体零件,施工
船体部件,施工
船体组件,施工
肋骨框架,施工
船体分段,施工
平面分段,施工
曲面分段,施工
立体分段,施工
嵌补分段,施工
基准分段,施工
总段,施工
巨型总段,施工
装配定位,进程
拼板,进程
部组件装配,进程
分段装配,进程
船台装配,进程
船坞装配,进程
正装法,成果
倒装法,成果
侧装法,成果
肋板拉入法,成果
分段邃造法,成果
分段建造法,成果
总段邃造法,成果
总段建造法,成果
塔式建造法,成果
岛式邃造法,成果
岛式建造法,成果
两段造船法,成果
串联造船法,成果
巨型总段邃造法,成果
巨型总段建造法,成果
浮船坞邃造法,成果
浮船坞建造法,成果
平地建造法,成果
水上合拢,进程
平面分段流水线,进程
曲面分段流水线,进程
胎架,施工
固定胎架,施工
摇摆胎架,施工
回转胎架,施工
可调胎架,施工
正切胎架,施工
单斜切胎架,施工
双斜切胎架,施工
固定平台,施工
传送平台,施工
余量,属性
补偿量,属性
焊接反变形,进程
假舱壁,施工
船装,进程
机装,进程
管装,进程
电装,进程
安装基准,进程
拉线,进程
找中,进程
校中,进程
船舶动力装置安装,进程
综合布置,进程
综合安装配,进程
综合安装图,进程
区域矩装,进程
区域舾装,进程
硒装单元,施工
舾装单元,施工
预陋装,进程
预舾装,进程
单元组装,进程
单元舰装,进程
单元舾装,进程
分段舰装,进程
分段舾装,进程
总段颓装,进程
总段舾装,进程
船台陋装,进程
船台舾装,进程
船坞舰装,进程
船坞舾装,进程
码头陋装,进程
码头舾装,进程
上层邃筑整体吊装,进程
上层建筑整体吊装,进程
托盘,施工
托盘管理,进程
托盘编码,进程
外舰装,进程
外舾装,进程
铁陋装,进程
铁舾装,进程
舵设备安装,进程
舵系拉线,进程
舵对零位,进程
舵承间隙测量,进程
镐设备安装,进程
锚设备安装,进程
错定位,进程
锚定位,进程
掣链器定位,进程
系泊设备安装,进程
推拖设备安装,进程
救生设备安装,进程
艇固定,进程
起货设备安装,进程
支索紧固,进程
舱口盖安装,进程
舱面凰具安装,进程
舱面届具安装,进程
内炳装,进程
内舾装,进程
木船装,进程
木舾装,进程
舱室设备安装,进程
甲板敷料敷设,进程
绝缘敷设,进程
表面封闭,进程
预埋件安装,进程
围壁板安装,进程
带金属骨架绝缘安装,进程
无金属骨架绝缘安装,进程
冷库防潮处理,进程
主机安装,进程
整机安装,进程
上船组装,进程
主机校中,进程
主机定位,进程
主机热膨胀调整,进程
辅机安装,进程
配垫,进程
基座找平,进程
液压拉伸螺栓连接,进程
轴系中线,进程
轴系找中,进程
轴系孔划线,进程
拉线轴系找中,进程
光学轴系找中,进程
法兰对中,进程
基准靶,进程
投影靶,进程
轴系镂孔,进程
轴系镗孔,进程
尾轴管安装,进程
尾轴安装,进程
尾轴管衬套嵌套,进程
尾轴密封装置安装,进程
尾轴安装间隙测量,进程
尾轴承冷装安装,进程
轴系校中,进程
计算法轴系校中,进程
轴承负荷法轴系校中,进程
平轴校中法,进程
光学校中法,进程
两轴偏移,进程
两轴曲折,进程
轴棠下垂量计算,进程
轴端下垂量计算,进程
中间轴承安装,进程
推力轴承安装,进程
螺旋桨安装,进程
螺旋桨胶合连接,进程
无键螺旋桨液压安装,进程
有键螺旋桨连接,进程
螺旋桨轴密封安装,进程
调距浆零位调正,进程
锅炉本体上船安装,进程
锅炉附件安装,进程
管件族制造,进程
无余量制管,进程
管系放样,进程
管子制作图表,进程
管子划线,进程
管子平台划线,进程
管子下料,进程
管子无余量下料,进程
管子冷弯,进程
管子热弯,进程
中频弯管,进程
高频弯管,进程
数控弯管,进程
风管咬扣,进程
先焊后弯工艺,成果
回弹角测定,进程
管子清洗,进程
校管,进程
螺旋卷管,进程
管子加工流水线,进程
管系安装,进程
管子分段预陋装法,成果
管子分段预舾装法,成果
管子单元组装法,成果
法兰连接,进程
套管连接,进程
螺纹接头连接,进程
卡套接头连接,进程
管子绝缘,进程
管路补偿,进程
管路冲洗,进程
嵌补管,施工
管子单元,施工
管系完整性检查,进程
电缆敷设,进程
主干电缆,施工
成束敷设,进程
穿管敷设,进程
管道敷设,进程
穿管系数,属性
贯通件利用系数,属性
电缆支承件,施工
电缆紧固件,施工
分层敷设,进程
分束敷设,进程
电缆护罩,施工
电缆贯通件,施工
电缆框,施工
电缆填料盒,施工
电缆衬套,施工
电缆伸缩箱,施工
电缆伸缩环,施工
积木式电缆填料盒,施工
电缆填料函,施工
组合电缆填料函,施工
耐压填料函,施工
成束电缆阻燃工艺,成果
止火隔板,施工
布线利用点,进程
分接,进程
电缆册,成果
热缩套管工艺,成果
电缆贯穿密封填料,进程
电缆贯穿密封堵料,进程
减震式安装,进程
封口板,施工
托线板,施工
水密进线,进程
冷压连接,进程
螺柱式接线,进程
插入式接线,进程
电气连续性,进程
跨接,进程
防干扰接地,进程
重复接地,进程
故障接地,进程
船体邃造工艺,成果
船体建造工艺,成果
精度控制,进程
预密性试验,进程
纵向下水,进程
横向下水,进程
重力式下水,进程
漂浮式下水,进程
机械化下水,进程
纵向涂油滑道下水,进程
钢珠下水,进程
前支架压力,属性
滑道末端压力,属性
艏沉,状态
蜡落,状态
艏落,状态
艉浮,状态
艉落,状态
嫡翘,状态
艏翘,状态
舰翘,状态
艉翘,状态
舱面属具安装,进程
国定胎架,施工
抬架,进程
度,进程
分,进程
北向,属性
子午线,进程
正前方向,属性
航迹,进程
速率,属性
对地航向,属性
计划对水航迹,进程
对水航迹,进程
对水航速,属性
对地航速,属性
实际航速,属性
磁方位,属性
陀螺方位,属性
真风,进程
表观风,进程
本船矢量,进程
操舵航向,属性
风压漂移,进程
对水航向,属性
流压矢量水面的横向,进程
地理坐标、位置、线、图形符号,进程
大地坐标,进程
大地基准,进程
世界大地坐标系,进程
大地纬度,属性
大地经度,属性
地心纬度,属性
地心经度,属性
天文纬度,属性
天文经度,属性
纬度圈,进程
本初子午线,进程
纬度差,属性
纬度间距,属性
经度差,属性
平均纬度,属性
东西距,属性
纬度渐长率,属性
校正积算船位,属性
航路点距离,属性
航路点方位,属性
大圆顶点,进程
恒向线距离,属性
航路,进程
应驶距离,属性
偏航距离,属性
沿径误差,属性
船位调整,进程
国际原子时,进程
协调世界时,进程
标准时,进程
地方视时,进程
地方平均时,进程
天文时间,进程
天文导航,进程
除以地球角速度,属性
天顶,进程
天底,进程
秋分,进程
大圆,进程
小圆,进程
天球地平圈,进程
高度圈,进程
地平经圈,进程
主垂直圈,进程
东西圈,进程
天赤道,进程
赤纬圈,进程
平行千天赤道的天球圈,进程
天体时圈,进程
格林尼治天体时圈,进程
天球高度和角位移,进程
延伸出的天体时圈,进程
真高度,属性
赤纬,进程
地方时角,属性
子午角,属性
春分点地方时角,属性
格林尼治时角,属性
春分点格林尼治时角,属性
恒星时角,属性
赤经,属性
天顶距,属性
中天高度,属性
衱距,属性
视野归算,进程
的恒星时角,属性
可见地平线,进程
感觉地平面,进程
高度视差,属性
地平面视差,属性
限高,属性
上的高度视差,属性
编号术语名称,进程
视高度,属性
半径,属性
观测高度,属性
计算高度,属性
高度差,属性
龙骨深,属性
传感器下水深,属性
海图深度基准面,进程
海图水深,属性
潮沙高度,属性
涨潮流,进程
落潮流,进程
高潮,状态
平均大潮高潮位,属性
平均小潮高潮位,属性
高潮时,进程
低潮,状态
低潮位,属性
平均大潮低潮位,属性
平均小潮低潮位,属性
低潮时,进程
涨潮历时,进程
落潮历时,进程
潮涨,状态
潮差,属性
潮高,属性
基准站,施工
从属站,施工
地磁,进程
磁通量密度,属性
雷达导航,进程
距标圈,进程
可变距标圈,进程
自动频率控制,进程
灵敏度时间控制,进程
快变时间常数,进程
自动雷达标绘仪,施工
捕获,进程
跟踪,进程
真航迹,进程
对地航迹,进程
目标交换,进程
时差,属性
发射延迟,进程
精度因子,进程
船用阀门,施工
管子连接件,施工
滤器,施工
分寓器,施工
音响附件,施工
管路附属件,施工
波纹管伸缩接头,施工
测探尺,施工
测探管头,施工
测探自闭阀,施工
残油类标准排放接头,施工
舱壁阀,施工
舱底水吸入止回阀,施工
船舷接管,施工
船用蝶阀,施工
船用对夹式蝶阀,施工
船用法兰蝶阀,施工
吹除阀,施工
搭焊管接头,施工
搭焊法兰,施工
搭焊松套法兰,施工
带颈弯头,施工
单滤器,施工
淡水滤器,施工
低位通海阀,施工
电动膜片式气笛,施工
对焊管接头,施工
对焊法兰,施工
对焊松套法兰,施工
阀箱,施工
反射式液位计,施工
防火网,施工
防浪阀,施工
分离器,施工
浮筒液位计,施工
高位通海阀,施工
给水调节阀,施工
锅炉舷外排污阀,施工
国际通岸接头,施工
管法兰,施工
管卡,施工
管路减振器,施工
管式液位计,施工
管子吊架,施工
管子螺纹接头,施工
海水滤器,施工
焊接座板,施工
货油阀,施工
滑油磁性滤器,施工
滑油滤器,施工
应急舱底水吸入阀,施工
甲板通岸接头,施工
胶管接头,施工
胶管卡籍,施工
卡套式管接头,施工
可闭式防浪阀,施工
空气分离器,施工
空气干燥器,施工
空气管头,施工
空气滤器,施工
快关阀,施工
扩管式管接头,施工
漏水口,进程
螺纹焊接座,施工
螺纹旋入法兰,施工
盲板法兰,施工
膜片式气笛,施工
挠性接头,施工
浪箱,施工
排出阀箱,施工
膨胀接头,施工
偏心异径接头,施工
平板式液位计,施工
汽笛,施工
清洁剂注人阀,施工
燃油滤器,施工
识别板,施工
松套法兰,施工
松套伸缩接头,施工
疏水防浪阀,施工
双环盲板法兰,施工
双联滤器,施工
水舱空气管头,施工
水封式漏水口,进程
弹簧式呼吸阀,施工
套管接头,施工
通舱管件,施工
通海阀,施工
同心异径接头,施工
弯头,施工
吸入阀箱,施工
吸人滤网箱,施工
吸人止回阀,施工
消防阀．,施工
消防接头,施工
消火栓,施工
泄放旋塞阀,施工
T形管接头,施工
H形滤器,施工
L形滤器,施工
Y形滤器,施工
舷侧阀,施工
旋人管接头,施工
舷外排出阀,施工
异径管接头,施工
液流观察器,施工
液位计,施工
油舱空气管头,施工
油气分离器,施工
油吸入口,进程
轴系,施工
单轴系,施工
双轴系,施工
多轴系,施工
轴系中心线,进程
轴系倾角,属性
内斜轴系,施工
外斜轴系,施工
轴系内斜角,进程
轴系外斜角,进程
中轴系,施工
侧轴系,施工
批准,进程
内侧轴系,施工
外侧轴系,施工
型传动,进程
轴系主要零部件,施工
轴法兰,施工
轴法兰厚度,属性
轴法兰螺栓,施工
推力轴,施工
舰轴,施工
螺旋桨轴,施工
实心轴,施工
空心轴,施工
调整轴,施工
推力轴承,施工
推力块,施工
推力环,施工
中间轴承,施工
滑动式中间轴承,施工
滚动式中间轴承,施工
舰管,施工
舰管轴承,施工
舰轴架轴承,施工
水润滑轴承,施工
油润滑轴承,施工
轴包覆,施工
轴套,施工
白合金轴承,施工
橡胶轴承,施工
铁梨木轴承,施工
木质层积塑料轴承,施工
舰管螺母,施工
舰管填料函,施工
隔舱填料函,施工
舰管密封装置,施工
轴系制动器,施工
轴系接地装置,施工
辅助功率输出装置,施工
液压螺母,施工
轴系振动和计算,进程
轴系临界转速,属性
轴系共振,进程
轴系固有频率,属性
轴系扭转振动,进程
轴系纵向振动,进程
轴系回旋振动,进程
轴承跨距,属性
刚性轴系,进程
挠性轴系,进程
轴系效率,属性
传动装置,进程
轴系传动装置,进程
轴系传动装置效率,属性
增速齿轮箱,施工
减速齿轮箱,施工
倒顺齿轮箱,施工
同中心式齿轮箱,施工
异中心式齿轮箱,施工
水平异心齿轮箱,施工
垂直异心齿轮箱,施工
斜交轴传动齿轮箱,施工
串列式双机单轴传动装置,施工
并列式双机单轴传动装置,施工
双速齿轮箱,施工
可拆联轴器,施工
液压联轴器,施工
定义或含义,进程
夹壳联轴器,施工
橡胶金属环联轴器,施工
簧片联轴器,施工
气胎离合器,施工
倒顺离合器,施工
液力偶合器,施工
轴系安装,进程
轴系首尾基准点,进程
轴系直线校中,进程
轴系负荷校中,进程
轴系校中计算,进程
轴系合理校中,进程
轴系静态校中,进程
轴系动态校中,进程
轴系稳态校中,进程
连接法兰的偏移,进程
连接法兰的曲折,进程
轴承负荷,进程
轴承负荷影响系数,属性
顶举系数,属性
螺旋桨无键连接,进程
螺旋桨推入量,属性
螺旋桨推入力,进程
推人量起始点,进程
接触压力,进程
本篇,成果
钢质海上航行船舶,建筑
焊接结构,施工
适用要求,成果
第1篇,成果
船宽,属性
水平距离,属性
垂直距离,属性
上层连续甲板,施工
全通甲板,施工
连续甲板,施工
水密横舱壁,施工
平台甲板,施工
不连续甲板,施工
围蔽建筑,建筑
首楼,空间
尾楼,空间
长上层建筑,建筑
短上层建筑,建筑
长甲板室,空间
短甲板室,空间
装载率,属性
比值,属性
首垂线,进程
尾垂线,进程
主要支撑构件,施工
强肋骨,施工
舷侧纵桁,施工
甲板纵桁,施工
船底桁材,施工
舱壁桁材,施工
扶强构件,施工
舱壁扶强材,施工
骨材,施工
载重线船长,属性
位置1,进程
位置,进程
位置2,进程
舷侧肋骨,施工
尾尖舱舱壁,施工
最下层甲板,施工
首尖舱,空间
舱,空间
尾尖舱,空间
水密平台甲板,施工
最大服务航速,属性
最大航速,属性
开孔,施工
构件尺寸,属性
最小值,属性
磨耗,状态
设计,进程
增厚,状态
加强,状态
外力,进程
靠泊,进程
顶推,进程
拖带,进程
带板宽度,属性
骨材间距,属性
计算跨距,属性
有效跨距,属性
曲度,属性
跨距,属性
弦长,属性
主要构件,空间
布置,进程
布置,施工
结构,施工
连续,状态
剖面,进程
变化,状态
高度,属性
对接,进程
直线,进程
支撑,进程
环形框架,施工
接合处,施工
圆角,施工
邻接构件,施工
腹板高度,属性
对称剖面,进程
开口,施工
应力集中区域,空间
角隅处,施工
板材,施工
纵桁,施工
水平加强筋,施工
端部,施工
连接肘板,施工
相交处,施工
焊接,进程
切断,状态
纵向连续性,属性
对齐,进程
臂长,属性
相等,状态
搭接,进程
尺寸,属性
端肘板,施工
折边,施工
连接构件,施工
非液舱,空间
肘板,空间
垂直构件,施工
连接节点,施工
抗转动刚度,属性
尺度,属性
主要强力构件,施工
应力集中,状态
厚度,属性
加厚,状态
趾高,属性
趾部厚度,属性
船体结构,施工
钢材,施工
化学成份,属性
力学性能,属性
材料与焊接规范,成果
制造,进程
试验,进程
首柱,施工
尾轴架,施工
锻钢件,施工
铸钢件,施工
高强度钢,施工
钢,施工
尾框架,施工
支撑舵,施工
螺旋桨毂,施工
挂舵臂,施工
材料级别II,成果
钢级,成果
集中力,进程
半平衡舵,施工
下舵承,施工
材料级别III,成果
材料级别,属性
材质,施工
连接件,施工
低碳钢,施工
高强度结构钢,施工
舭龙骨垫板,施工
圆弧形舷板,施工
舷板,施工
甲板板,施工
纵舱壁上列板,施工
不变,状态
集装箱船,建筑
抗扭箱形结构,施工
液货船,建筑
一致,状态
T型,施工
十字型接头,施工
Z向钢钢板,施工
舱口盖,施工
铝合金材料,施工
化学成分,属性
铝合金,施工
焊接工艺,属性
认可,进程
审查,进程
油船,建筑
液货舱,建筑
化学品船,建筑
不锈钢,施工
本节,成果
焊缝设计,施工
焊缝布置,施工
施焊,成果
焊缝位置,施工
平焊,成果
焊缝,施工
结构剖面,进程
过渡区域,空间
集中,状态
主要结构,施工
平行焊缝,施工
舱壁板,施工
对接焊缝,施工
搭接焊缝,施工
固定垫板,施工
高强度钢角,施工
双面连续焊缝,施工
母材,施工
低氢焊接材料,施工
钢板,施工
削斜,状态
板,施工
高拉伸应力,进程
压缩载荷部位,施工
搭接焊,成果
型材,施工
扁钢,施工
连续熔透焊缝,成果
长孔塞焊,成果
舵封板侧板,施工
塞焊焊接,成果
塞焊孔,施工
宽度,属性
端部,进程
圆形,进程
角焊缝,施工
双面焊接,成果
挖孔间断焊,成果
孔,施工
两端,进程
圆弧形,进程
光滑,状态
焊缝面积,属性
横剖面面积,属性
强力构件,施工
本章,成果
干货船,建筑
多层甲板,施工
单层甲板,施工
单层底,施工
舱口布置,进程
船底,建筑
自卸系统,施工
自卸货系统,施工
船舶与海上设施起重设备规范,成果
压载水,状态
船舶压载水管理计划编制指南,成果
排空注入法,成果
首部,施工
规定,成果
舭列板,施工
舷侧,建筑
舭部,建筑
船端,建筑
要求,成果
船中部,建筑
边板,施工
上缘,施工
平整,状态
流水孔,施工
圆弧舷板,施工
圆弧半径,属性
板厚,属性
甲板装置,施工
尾柱,施工
包板,施工
轴毂,施工
多推进器尾轴架托掌固定处,施工
端部外板,施工
中部外板,施工
锚链筒处,施工
复板,施工
锚链筒,施工
出口处,进程
锚唇外缘,施工
铸钢,施工
直径,属性
弯曲部分,施工
开口,进程
椭圆形,进程
圆形孔,进程
甲板开口,进程
端点,进程
舷缘,施工
海水进口,进程
圆角,进程
开口角隅,进程
通海阀箱,施工
货舱口边线,进程
舭龙骨,建筑
端接缝,施工
错开,状态
支持,进程
水平肘板,施工
端部甲板,施工
最小厚度,属性
长桥楼甲板,施工
船中剖面模数,属性
相同,状态
首楼保护,状态
首楼甲板,施工
机炉舱,空间
角隅,进程
货舱开口,进程
抛物线形,进程
嵌入板,施工
舱口边线,进程
舱口角隅,施工
边缘,进程
端壁,施工
货舱口,空间
升高甲板,施工
上层建筑端部,施工
甲板敷盖,施工
材料,施工
露天钢甲板,施工
钢甲板,施工
化学敷料,施工
减薄,状态
单层底船舶,建筑
肋板,施工
纵向加强筋,施工
纵桁外侧,施工
肋位,施工
舭部,施工
向首尾端,施工
液舱舱壁,施工
舱壁底列板,施工
小型船舶,建筑
减小,状态
尾部,进程
底部肋板,施工
肋板,空间
线型,属性
强度,属性
船底肋板,施工
大小,属性
泵,施工
抽唧率,属性
吸口,施工
纵向骨架,施工
中桁材,施工
旁桁材,施工
间距,属性
中断区域,空间
倾斜,状态
降低,状态
自由边,进程
机舱后壁,施工
轴隧中间轴承,施工
人孔,施工
开孔位置,进程
减轻孔,施工
透气孔,施工
内肋板,施工
桁材,施工
首尾柱,施工
箱形中桁材,施工
管隧,施工
侧板,施工
衔接,进程
过渡区,空间
均匀,状态
加强筋,施工
锅炉,空间
支柱,施工
边液舱,空间
隔离舱,空间
内底骨材,施工
船底骨材,施工
水平,状态
水密,属性
水密旁桁材,施工
深隔离舱,空间
剖面模数,属性
加筋,施工
主机,空间
撑柱,施工
非水密肋板,施工
底纵骨,施工
骨架,施工
孔缘,施工
板宽,属性
舷侧纵骨,施工
普通主肋骨,施工
普通甲板间肋骨,施工
船尾部,建筑
船侧,建筑
上甲板,施工
舭部纵骨,施工
纵骨腹板,施工
强肋骨腹板,施工
舷侧,施工
甲板横梁,施工
纵桁腹板,施工
舱口纵桁,施工
集中载荷,进程
刚性固定,状态
切口高度,属性
电缆,施工
管系,施工
开孔高度,属性
纵桁肘板,施工
腹板厚度,属性
开口线,进程
强力甲板纵骨,施工
末端,进程
横向构件,施工
甲板强横梁,施工
强横梁腹板,施工
舱口甲板纵桁,施工
横梁腹板,施工
舱口围板,施工
剖面惯性矩,属性
延伸构件,施工
悬臂梁,施工
计算剖面,进程
趾端,施工
肋骨腹板,施工
内底,施工
上端,进程
空心矩形剖面支柱,施工
下端,进程
纵向,状态
横向,状态
加厚板,施工
油舱,建筑
空心矩形剖面,进程
下层货舱,空间
最大间距,属性
最小高度,属性
深舱舱壁,施工
对称槽形舱壁,施工
双层板舱壁,施工
污水沟,施工
舱底污水井,施工
尾管,施工
处舱壁板,施工
横向舱壁,施工
端部肘板,施工
上甲板间舱,空间
上下端,进程
底部,进程
纵骨平面,施工
槽形舱壁,施工
跨距中点,进程
隔板,施工
面板宽度,属性
面板厚度,属性
台阶,施工
平台板,施工
横梁尺寸,属性
液体,施工
水,施工
燃油,施工
植物油,施工
舱室,空间
甲板间,空间
污水沟,空间
污水井,空间
开孔平台,施工
制荡舱壁,施工
舱宽中心线,进程
船宽中心线,进程
开孔面积,属性
舱壁总面积,属性
邻接外板,施工
曲率半径,属性
铸钢首柱,施工
剖面积,属性
无舵柱,施工
尾框底骨,施工
船体骨架,施工
铸钢尾柱,施工
横向隔板,施工
垂直隔板,施工
尾轴管,施工
球鼻首,施工
球鼻,施工
分段铸件,施工
锻件,施工
支臂,施工
船体外板,施工
面板剖面积,属性
尖瘦,状态
肋板高度,属性
上缘,进程
支撑构件,施工
下缘,进程
舱顶,施工
舷侧板,施工
连接处,进程
单螺旋桨船舶,建筑
上部,进程
尾突出体,施工
宽大,状态
左右舷,施工
间断舷侧纵桁,施工
首部舷侧结构,施工
滚装船,建筑
客船,建筑
车辆运输船,建筑
首部外飘,施工
刚度,属性
横隔板,施工
横肘板,施工
纵桁面板,施工
底部旁桁材,施工
机座纵桁,施工
局部桁材,施工
半高旁桁材,施工
水平面板,施工
垂直肘板,施工
水密结构,施工
轴隧板,施工
拱形顶板,施工
干货舱,空间
平形顶板,施工
顶板,施工
平顶形,进程
垂直部分,进程
壁板,施工
推力轴承龛,施工
轴隧尾室,空间
应急通道,施工
露天甲板,施工
围壁结构,施工
通道,施工
关闭装置,施工
船首,建筑
散货船,建筑
矿砂船,建筑
兼用船,建筑
载荷,进程
甲板结构,施工
甲板板厚度,属性
骨架尺寸,属性
近海供应船,建筑
顶甲板,施工
甲板室纵桁,施工
局部舱壁,施工
高负荷区域,空间
隔壁,施工
支持结构区域,空间
门,施工
围壁板,施工
吊艇架区域,空间
端区,进程
侧壁开口,进程
数量,属性
垂直桁材,施工
加强构件,施工
加强结构,施工
升高甲板区,空间
甲板厚度,属性
端壁板,施工
台阶处,施工
钢质舱棚,空间
机舱棚,空间
尾升高甲板,施工
钢质,属性
露天机舱棚,空间
围壁,施工
甲板室围壁,施工
烟囱,施工
排气烟道,施工
计算载荷,进程
挡浪板,施工
扶强材尺寸,属性
直升机甲板,施工
直升机甲板结构,施工
有关客滚船直升机降落区域的建议,成果
独立平台结构,施工
桁架式,施工
海上移动式钻井平台构造和设备规则,成果
直升机,空间
非轮式降落机构,施工
着地承载面积,属性
直升机制造商,进程
初始板厚,属性
直升机轮印载荷,进程
舷墙支架支撑,进程
排水舷口,施工
舷墙板,施工
支撑肘板,施工
桅侧稳索,施工
吊杆稳索,施工
系固处,进程
安装处,进程
通道口,进程
加强区域,空间
间隙,进程
支座,施工
平坦部位,施工
舱口,施工
露天,状态
1966年国际载重线公约,成果
非露天,状态
钢质舱口盖,施工
车辆,进程
车辆,施工
货物,进程
面积,属性
带板,施工
钢质箱型,状态
结构强度,属性
活动横梁,施工
结构屈服,属性
变形,状态
结构屈曲强度,属性
封闭装置,施工
其他类型,状态
舱口盖板,施工
标志,成果
货舱区域,空间
船底骨架,施工
油密肋板,施工
垂直撑柱,施工
设置,进程
散装干货,进程
兼装船,建筑
重量,属性
剖面型舵,施工
剖面优化加强型,状态
钢质舵,施工
上舵承,施工
舵杆围阱,施工
密封装置,施工
顶部,进程
装载水线,进程
焊接件材料,施工
钢板钢级,属性
连接螺栓,施工
键,施工
铸件,施工
螺栓,施工
屈服应力,属性
塞焊处,进程
塞焊,成果
缺口,进程
缺口处,进程
舵板倒角,施工
舵板,施工
舵旁板,施工
圆弧处,进程
锻钢,施工
铸钢承座实心体,施工
厚板,施工
全焊透,成果
上部分,进程
设计细节,进程
水平法兰,施工
导边板,施工
实心体,进程
实心锻钢,施工
铸钢承座,施工
凸缘,施工
实心承座,施工
水平隔板,施工
实心部分,进程
承座,施工
对称轴,施工
舵杆螺母,施工
通道开口,进程
全熔透焊接板,施工
螺栓孔,施工
法兰边,施工
连接法兰,施工
铰孔螺栓,施工
螺母,施工
止动装置,施工
螺栓直径,属性
材料宽度,属性
锥形,进程
螺纹,施工
舵销承座,施工
舵枢,施工
舵销直径,属性
钢板焊接,成果
剖面形状,进程
截面,进程
等效应力,进程
船尾,建筑
水平桁材,施工
中纵舱壁,施工
挂舵臂板,施工
板材钢级,属性
船壳,建筑
导流尾鳍,施工
连接焊缝,施工
舵柄,施工
对合,施工
舵扇,施工
转叶式舵机,施工
转子,施工
叶片,施工
转舵机构,施工
键槽,施工
圆弧倒角,施工
倒角,施工
挤压应力,进程
屈服应力,进程
冰级标志,成果
结构尺寸,属性
锚,施工
挡风板,施工
无杆锚,施工
质量,属性
梢子,施工
转轴,施工
锚总质量,属性
首锚,施工
有杆,状态
大抓力锚,施工
无杆首锚,施工
抓力,施工
钢丝绳,施工
转环,施工
内端,进程
结构形式,进程
拖索,施工
植物纤维,施工
合成纤维,施工
系船索,施工
钢丝,施工
周长,属性
破断负荷,进程
缆车,施工
作业用绞车,施工
锚机,施工
系泊绞车,施工
整体式,施工
锚机,空间
支承锚机,施工
螺栓载荷,进程
固定锚机,施工
甲板骨架强度,属性
木条,施工
敷料,施工
装卸,进程
双层木铺板,施工
深油舱,空间
加热设备,施工
绝缘,状态
入孔盖,施工
附件,施工
入孔,施工
钢镶框,施工
钢盖板,施工
外表面,进程
油漆,施工
处所,空间
杂货,施工
护舷木条,施工
护舷条,施工
钢质材料,施工
轻型吊杆装置,施工
桅,施工
起重柱,施工
支持点,进程
补强,状态
壁厚,属性
通风筒,施工
轻型吊杆,施工
吊货杆座,施工
千斤索眼板,施工
桅支索眼板,施工
工况,属性
安全系数,属性
船旗国主管机关,进程
化学品液货船,建筑
液化气体船,建筑
应急拖带装置,施工
操作,进程
拖船,建筑
短拖索,施工
硬质末端眼环,施工
弓形卸扣,施工
导缆装置,施工
滚柱,施工
防擦装置,施工
部件,施工
拖力点,进程
紧固端,进程
拖带装置,施工
止链器,施工
拖力眼板,施工
装置,施工
拖带,施工
船用配件,施工
系泊,进程
支撑结构,施工
构造,进程
净尺度,属性
伴航拖带,施工
运河拖带,施工
应急拖带,施工
常规船舶,建筑
排水型船舶,建筑
特殊用途船舶,建筑
机械自航船舶,建筑
系缆桩,施工
缆柱,施工
系缆器,施工
立式滚轮,施工
正常拖带,施工
其他拖带,施工
船体支撑结构,建筑
绞盘,施工
绞车,施工
工业标准,成果
国际标准,成果
标准,成果
拖带作业,施工
拖带设备,施工
液货船应急拖带,施工
甲板配件,施工
基座,施工
底座,施工
配件,施工
规范,成果
甲板设备,施工
属具,施工
资料,进程
载荷工况,属性
作业载荷,进程
上浪载荷,进程
起重设备,施工
潜水器吊放系统,施工
潜水补给船,建筑
起重机,施工
安全工作负荷,进程
最大载荷,进程
自重,属性
总重量,属性
起重零部件,施工
倾覆力矩,属性
最大弯矩,属性
船舶结构,施工
布置图,进程
抗屈曲失效,属性
减薄厚度,属性
屈曲安全因子,属性
易燃液体货品,进程
强力端,进程
总厚度,属性
设计载荷,进程
安全工作载荷,进程
受力点,进程
焊接点,进程
计算应力,进程
许用值,进程
救生装置,施工
救生艇,施工
救生筏,施工
救助艇,施工
支架,施工
专用机械,施工
供应商,进程
板厚度,属性
升降运行设备,施工
固定点,进程
船员升降机,施工
舷梯,施工
登乘梯,施工
桅杆,施工
高腹板横梁,施工
桅杆结构,施工
焊接连接处,进程
拖曳设备,施工
